filename, benign, malignant
melanoma_5176_jpg.rf.95f252588f034190e2c0aa9e03098e6a.jpg, 0, 1
melanoma_5474_jpg.rf.98f623403e6768a5b58ea8fc3798f83b.jpg, 0, 1
melanoma_5902_jpg.rf.97831de954bd542de08acbb720d1726d.jpg, 0, 1
melanoma_960_jpg.rf.9620f3dad94c505300cb26e59ca6a225.jpg, 1, 0
melanoma_5782_jpg.rf.97140d7b1921794cf781fe9d3e851cde.jpg, 0, 1
melanoma_5088_jpg.rf.9719fc4b361d3650cc8ffa629a7d1d87.jpg, 0, 1
melanoma_5751_jpg.rf.96266d0556a32be85dd8e6ee583d7997.jpg, 0, 1
melanoma_748_jpg.rf.9611616410668932de6f9c40dd0d64de.jpg, 1, 0
melanoma_5175_jpg.rf.949cf3984d9a1609c845f1e6177db403.jpg, 0, 1
melanoma_5158_jpg.rf.965f2caf51f1fa69a4e857fb02698faf.jpg, 0, 1
melanoma_394_jpg.rf.96fa9295f056ad0a021456ad64cdd60c.jpg, 1, 0
melanoma_5817_jpg.rf.98c131402f64ac3170335f8eb78c00fa.jpg, 0, 1
melanoma_408_jpg.rf.958f1749fbdbcd438ff616380aa5f65f.jpg, 1, 0
melanoma_877_jpg.rf.97a23b232ba78a6ba03f9900cf93cd8d.jpg, 1, 0
melanoma_5993_jpg.rf.94de5385141a8dd450450c1c309cf679.jpg, 0, 1
melanoma_686_jpg.rf.9588c28b0b310fccb4fd873b43ababd8.jpg, 1, 0
melanoma_5286_jpg.rf.963a028ee4da587baddd9c2bcb5c873f.jpg, 0, 1
melanoma_5097_jpg.rf.94e1b7b76b03551386133a2480707b69.jpg, 0, 1
melanoma_875_jpg.rf.981d495603578903649a9e2d0e77f4ce.jpg, 1, 0
melanoma_5591_jpg.rf.9775d4c845ec61c500ba5951c935536f.jpg, 0, 1
melanoma_953_jpg.rf.98c2158ac28a40a6fbca4ae74cf15fb0.jpg, 1, 0
melanoma_1006_jpg.rf.957fdcc7364e2afdc95ece5e46c54bd9.jpg, 1, 0
melanoma_861_jpg.rf.9502dda451310c9fac8192104fd847b5.jpg, 1, 0
melanoma_5978_jpg.rf.972c41fa33b192a2a72b4e96bbe5d43a.jpg, 0, 1
melanoma_5668_jpg.rf.9921c6de552ede0a450e55ab2c11f4e5.jpg, 0, 1
melanoma_791_jpg.rf.998df11bb2887f2d4518ccb64c59f46b.jpg, 1, 0
melanoma_884_jpg.rf.9885aa4e06f7e9e03bfb137ee2a89d6e.jpg, 1, 0
melanoma_678_jpg.rf.99700db5df378550acb90baefabdb9f4.jpg, 1, 0
melanoma_596_jpg.rf.99a60a442a94095ab982832aa4337d26.jpg, 1, 0
melanoma_5313_jpg.rf.9ad0408992b2af7804c94df211670363.jpg, 0, 1
melanoma_685_jpg.rf.9b2e02511f67daaf5d2d977ad2ca5327.jpg, 1, 0
melanoma_5094_jpg.rf.9a40ae96f54727092fc4cc1323eaeda2.jpg, 0, 1
melanoma_5483_jpg.rf.9b1fede34d046284178f5a49744f6b93.jpg, 0, 1
melanoma_5044_jpg.rf.9a103f32c238b260a8ef0c482dbde077.jpg, 0, 1
melanoma_5589_jpg.rf.99f615cf7725c5ea45057a170267b213.jpg, 0, 1
melanoma_5894_jpg.rf.9b3533461aa8c59fc4210454ea9b0855.jpg, 0, 1
melanoma_5468_jpg.rf.9b5105cfb73067881d0ccc17a5c2cdef.jpg, 0, 1
melanoma_5133_jpg.rf.9b4de29d4bd54b1d171ad7b3910ed50b.jpg, 0, 1
melanoma_540_jpg.rf.9b94282f37f927d21b8e53371ce2c4cd.jpg, 1, 0
melanoma_455_jpg.rf.9bbe546a720a58ff522c7f20c07e7dd3.jpg, 1, 0
melanoma_5617_jpg.rf.9b94306b6ed506f2abe1a4fce24a8028.jpg, 0, 1
melanoma_5755_jpg.rf.9bdc2c60343ba47e3c7003659b6b04f0.jpg, 0, 1
melanoma_784_jpg.rf.9c519308238b9a9c41809ba53e2f8917.jpg, 1, 0
melanoma_285_jpg.rf.9bf76d58766b173bd4c5883ddf27fddb.jpg, 1, 0
melanoma_184_jpg.rf.9bd4cf752fa1b93bc305cbb7d2e03299.jpg, 1, 0
melanoma_348_jpg.rf.9d5162ed8a70f70c149ff6dce8265017.jpg, 1, 0
melanoma_5921_jpg.rf.9d9df51319b6e9853ac7660671fe57db.jpg, 0, 1
melanoma_5436_jpg.rf.9ca024942d8d137264a6169d5ddac14e.jpg, 0, 1
melanoma_5075_jpg.rf.9e4928291054a5fef6a415cbba680a4f.jpg, 0, 1
melanoma_108_jpg.rf.9eebabd36bf5a3e4a4528fad39754cfd.jpg, 1, 0
melanoma_568_jpg.rf.9e80f86b17f06a6bb2e5c966341a8ac2.jpg, 1, 0
melanoma_5235_jpg.rf.9e73dca14419c57354c94dda2d6cbef8.jpg, 0, 1
melanoma_5942_jpg.rf.9e4f159ff2478a075cbb183b493da604.jpg, 0, 1
melanoma_5913_jpg.rf.9f86bb2441ecbafbb3eadf98172836a0.jpg, 0, 1
melanoma_5997_jpg.rf.9f1c4b40e6a9096a697ba2d9c9ed74d2.jpg, 0, 1
melanoma_5281_jpg.rf.a129a30fcb627e82f29b64de391e26da.jpg, 0, 1
melanoma_5416_jpg.rf.9fbf35676c23446b1278fa14016391c3.jpg, 0, 1
melanoma_5328_jpg.rf.9f9d96403670fd21474bc21cd643c308.jpg, 0, 1
melanoma_158_jpg.rf.a06bca2ae67e65c24911b0e3119b8b79.jpg, 1, 0
melanoma_67_jpg.rf.9fd03bc16815f1dabfb87c1299275b9f.jpg, 1, 0
melanoma_238_jpg.rf.a07fce439f353c1fb2020f67f6a0222e.jpg, 1, 0
melanoma_406_jpg.rf.a1bc7bed5e1064fdd8debc7ec1734e72.jpg, 1, 0
melanoma_634_jpg.rf.a197552c43498db3dcb4e23ebc11582b.jpg, 1, 0
melanoma_483_jpg.rf.a23a01bb8a5e56d937dec647f8a94e9b.jpg, 1, 0
melanoma_5240_jpg.rf.a211f5e9d25a766506765a5409984236.jpg, 0, 1
melanoma_5748_jpg.rf.a27d42d9f3e5f1cee03da4d7b5fd1491.jpg, 0, 1
melanoma_5431_jpg.rf.a26116b3bf6513af9698d7fbd9f9625b.jpg, 0, 1
melanoma_5149_jpg.rf.a32bd16dafdea43f54d36add87dc9d7f.jpg, 0, 1
melanoma_5672_jpg.rf.a2f50d536796147aec9727347f9f6dcb.jpg, 0, 1
melanoma_566_jpg.rf.a2eb0103e0aa1bd675bf561b267e7e98.jpg, 1, 0
melanoma_5113_jpg.rf.a370a39ab29beb59eccfa1574986390e.jpg, 0, 1
melanoma_723_jpg.rf.a2a1769edb52f7c5612d46ded2eb6eb5.jpg, 1, 0
melanoma_5739_jpg.rf.a42bf72c80f09f036912bee960cc951c.jpg, 0, 1
melanoma_5036_jpg.rf.a4493b01c24f9f6b5d86e2d330ae9bb0.jpg, 0, 1
melanoma_5043_jpg.rf.a43d901da0e32f18a9dd38b48afd67a2.jpg, 0, 1
melanoma_642_jpg.rf.a453f07d65fad2e0d45628d2002500f8.jpg, 1, 0
melanoma_5118_jpg.rf.a45bf4fd3790530e142dd805a43d789c.jpg, 0, 1
melanoma_5692_jpg.rf.a3b47d2f179a8639db94d958f5db12b9.jpg, 0, 1
melanoma_1004_jpg.rf.a4889e13de6ba20fd31340016354618e.jpg, 1, 0
melanoma_5737_jpg.rf.a47c16cbd32a147854ff8363635652ef.jpg, 0, 1
melanoma_5933_jpg.rf.a52490d4767d74661a2da86bb365e897.jpg, 0, 1
melanoma_136_jpg.rf.a534800dca014d79ec3332c79af364cb.jpg, 1, 0
melanoma_824_jpg.rf.a5ee25674c7a0ca2048cdc01a015e2bc.jpg, 1, 0
melanoma_5324_jpg.rf.a676be19c1c752483ce3213b44609649.jpg, 0, 1
melanoma_5698_jpg.rf.a646f2adfd58d92a9f7092246495e622.jpg, 0, 1
melanoma_165_jpg.rf.a6a8f473c37cdb3a7268805b19bb9ef3.jpg, 1, 0
melanoma_5851_jpg.rf.a6a9165ad6b639967bc9e52c723709af.jpg, 0, 1
melanoma_5791_jpg.rf.a69d5dd3538d27519e1b3d9a453485c2.jpg, 0, 1
melanoma_457_jpg.rf.a67cef6607b2b5672ae4a1a80beb1ab6.jpg, 1, 0
melanoma_5096_jpg.rf.a794504ca18e5533a18f7af35d914b5a.jpg, 0, 1
melanoma_5288_jpg.rf.a7a7b57443a1e82928b4df6989ea5731.jpg, 0, 1
melanoma_228_jpg.rf.a6e6becc4d29ab744691e20f22e7a3be.jpg, 1, 0
melanoma_320_jpg.rf.a734b282e072fda461a3789d79294838.jpg, 1, 0
melanoma_5943_jpg.rf.a6c62a4d54d7dbf49e6ea1f574c01dba.jpg, 0, 1
melanoma_159_jpg.rf.a7da94cebbf02fe16533c69c3f9ab386.jpg, 1, 0
melanoma_84_jpg.rf.a8e74e83c3f34749ba884c89aa4c2e69.jpg, 1, 0
melanoma_928_jpg.rf.a7aa83ace0c86860896d3ef143fba0fa.jpg, 1, 0
melanoma_273_jpg.rf.a8fe897a4a9df746e9488a25589b38a1.jpg, 1, 0
melanoma_5700_jpg.rf.a93e1cfa6b9ad5bea63cdad83c9f0cba.jpg, 0, 1
melanoma_70_jpg.rf.a941c363e667e53a2c7228db12b8b554.jpg, 1, 0
melanoma_799_jpg.rf.a974548550bdd9cc2d03eaf3a5cb17c6.jpg, 1, 0
melanoma_5656_jpg.rf.a996aab66863ff12c40e0c17c3ade01a.jpg, 0, 1
melanoma_276_jpg.rf.a90f9ab42f91525ef326814e448e946d.jpg, 1, 0
melanoma_5123_jpg.rf.a9033ca8c4c115ff37945455b156b347.jpg, 0, 1
melanoma_5772_jpg.rf.a909b3ef9def7a62e30b3b8c01d03525.jpg, 0, 1
melanoma_716_jpg.rf.a9f19570cf89768e0388b0c615fd5446.jpg, 1, 0
melanoma_5621_jpg.rf.a99aeb880889d9c7a10b2ab9b48c94f1.jpg, 0, 1
melanoma_162_jpg.rf.aa04efbbb2528df308af1d89c1644436.jpg, 1, 0
melanoma_5849_jpg.rf.aa168ab437cf325d7d1d4d024816b2a2.jpg, 0, 1
melanoma_5412_jpg.rf.aa9be65d327e4a49d5c5b465f69881a6.jpg, 0, 1
melanoma_761_jpg.rf.aa1746534c4f708be274ac0fefea9e35.jpg, 1, 0
melanoma_256_jpg.rf.aa6f7f083e679da333ab860bbbb03a7b.jpg, 1, 0
melanoma_151_jpg.rf.aa455d5c1e390bfe967c592fdb88b04e.jpg, 1, 0
melanoma_553_jpg.rf.abb5bda80d611dc76fee8262f9c5d426.jpg, 1, 0
melanoma_5905_jpg.rf.ab99268fa74a1f7718afcd202e57136c.jpg, 0, 1
melanoma_427_jpg.rf.ac041727ffe357df4774c81c2a3a2c84.jpg, 1, 0
melanoma_202_jpg.rf.abf08bbdc65d7a1daf021333e747afd6.jpg, 1, 0
melanoma_5219_jpg.rf.abf3fafe9826433fe3f34811b510c1cd.jpg, 0, 1
melanoma_5168_jpg.rf.ac3a53d3e6ff0753cfef34df4d2bc3f5.jpg, 0, 1
melanoma_5730_jpg.rf.ac209d11c75770b65669b1e88b9c3b36.jpg, 0, 1
melanoma_5399_jpg.rf.ac7bc43d8cf16c1bc1e40cac88c4a430.jpg, 0, 1
melanoma_756_jpg.rf.ac445fc69a195126b03079ef0ebf057c.jpg, 1, 0
melanoma_50_jpg.rf.ad20e6f476d92759ebd660c366f5c831.jpg, 1, 0
melanoma_362_jpg.rf.acf8338079a19c09b28198ea6b0b4c48.jpg, 1, 0
melanoma_5814_jpg.rf.ad328e5a3d6defd5158c095ed9ca1856.jpg, 0, 1
melanoma_303_jpg.rf.ad771969cfcb6f8b98f2cf16c9b6e861.jpg, 1, 0
melanoma_965_jpg.rf.ad7c4087e5bee9092a0d86095582bc38.jpg, 1, 0
melanoma_5609_jpg.rf.ad63da145471fd9f9b51e38a4ff01768.jpg, 0, 1
melanoma_5955_jpg.rf.ae5f494f621d9534c61eb5d659bc97e8.jpg, 0, 1
melanoma_5929_jpg.rf.aee66517828d8e9841a64373fe47baf3.jpg, 0, 1
melanoma_951_jpg.rf.aee3f293e0c447378cd38e3cb6802c30.jpg, 1, 0
melanoma_5886_jpg.rf.af5cfb8537213a95e73a287aa461bd5a.jpg, 0, 1
melanoma_371_jpg.rf.af5186803ce3c455f9581b8efa8709f2.jpg, 1, 0
melanoma_5290_jpg.rf.af338cb40bbeb1a93e0e88f846b7495f.jpg, 0, 1
melanoma_657_jpg.rf.b07973696b3d5f4f9d925f0bf4b45418.jpg, 1, 0
melanoma_5769_jpg.rf.af761b386043caeabc8d2a1b85cd8b1e.jpg, 0, 1
melanoma_264_jpg.rf.b0a74e8ba1cc9368005b4129aae756df.jpg, 1, 0
melanoma_5685_jpg.rf.b17bb3a661a9cf148ae8d265475d3d62.jpg, 0, 1
melanoma_5875_jpg.rf.b1596bd8d1ac5ad93e7bec19360bb5c8.jpg, 0, 1
melanoma_5713_jpg.rf.b134de651dab8d9a89e516c772c64e1f.jpg, 0, 1
melanoma_5040_jpg.rf.b18510643496ce2d828ab307b92f18e6.jpg, 0, 1
melanoma_5940_jpg.rf.b0bc704f473f7927f34a8eb065f5183b.jpg, 0, 1
melanoma_5794_jpg.rf.b1b312cd531e93d42de25cccdaa0eec0.jpg, 0, 1
melanoma_439_jpg.rf.b25ce1801c102d1a910c0a7a846a44c7.jpg, 1, 0
melanoma_5696_jpg.rf.b312b0fed4fab9c42d27405cda47bb43.jpg, 0, 1
melanoma_5512_jpg.rf.b1f2f3c7edc8195c884cb74765be260a.jpg, 0, 1
melanoma_117_jpg.rf.b331766be43f28f0d6cb835b74de58dd.jpg, 1, 0
melanoma_5335_jpg.rf.b26f7952319f7febed042360492b6ccd.jpg, 0, 1
melanoma_5619_jpg.rf.b346240af1823726fbaf2d6e7c029605.jpg, 0, 1
melanoma_5565_jpg.rf.b38321ed5a3f5ae537c3eb7b127fd8b5.jpg, 0, 1
melanoma_5937_jpg.rf.b385a555e3447f9eed99168e9eda8490.jpg, 0, 1
melanoma_6003_jpg.rf.b34e7ee7adccb8355aff588c22b72943.jpg, 0, 1
melanoma_5986_jpg.rf.b387c7058627f615c8bad22c41c0d7b8.jpg, 0, 1
melanoma_5145_jpg.rf.b3c331cb948e24a7eb78e77211c60067.jpg, 0, 1
melanoma_5831_jpg.rf.b409ae23d1dd5c0a6c8e5eb3ab3b1e9c.jpg, 0, 1
melanoma_945_jpg.rf.b3e8b4e845b8dfb06d25ce84f6b9165b.jpg, 1, 0
melanoma_398_jpg.rf.b402d044de739dc8ff98ea30671fdbc1.jpg, 1, 0
melanoma_5304_jpg.rf.b44e31f0399816ce5eadf427739080c3.jpg, 0, 1
melanoma_5269_jpg.rf.b508fa61dd291424d098e8cea550de51.jpg, 0, 1
melanoma_5705_jpg.rf.b487ac2ae643efd01dfcd277bf4f41be.jpg, 0, 1
melanoma_786_jpg.rf.b536ae6c1a2fc009d044a610d573d2d1.jpg, 1, 0
melanoma_5731_jpg.rf.b55b355e046ca763752609b9c459b2b4.jpg, 0, 1
melanoma_5753_jpg.rf.b460fe3d3a5f9b766be951dd99ef3c41.jpg, 0, 1
melanoma_224_jpg.rf.b5eac3a7f2cf9110ee45c00eba119abd.jpg, 1, 0
melanoma_588_jpg.rf.b5da09dbe47affc82aac49f0a6c4d2e5.jpg, 1, 0
melanoma_5530_jpg.rf.b6820674f74175329adca7337e66ff97.jpg, 0, 1
melanoma_399_jpg.rf.b57366f9b87ee094fc86a07995bfeb55.jpg, 1, 0
melanoma_948_jpg.rf.b5f0a0a677e8fab063164f80f447238e.jpg, 1, 0
melanoma_461_jpg.rf.b5fa1d88007e935052c95caef8251772.jpg, 1, 0
melanoma_890_jpg.rf.b675864b2fc6c2535a8c3f3f7ec38b96.jpg, 1, 0
melanoma_5872_jpg.rf.b5bb05a3ab9c39ec9e92f826ca9ab9ec.jpg, 0, 1
melanoma_3_jpg.rf.b789528a50bab6acda9426fc6e2993be.jpg, 1, 0
melanoma_5647_jpg.rf.b6ae91ef7c0a52393dac999994b67389.jpg, 0, 1
melanoma_797_jpg.rf.b69f88e43afd2db224c82dde07b16f8e.jpg, 1, 0
melanoma_571_jpg.rf.b72e958119853f49b258f0994d85c3df.jpg, 1, 0
melanoma_5638_jpg.rf.b78d94bab25e7eb17d5d8b5b802cc069.jpg, 0, 1
melanoma_94_jpg.rf.b796ad01558242165a0c7578633e81f8.jpg, 1, 0
melanoma_780_jpg.rf.b7f7ce7a34597c5c2414012603451612.jpg, 1, 0
melanoma_5166_jpg.rf.b9006effd359bbf687a7ee23a32f1131.jpg, 0, 1
melanoma_5686_jpg.rf.b822b75ed730357e810186f4df73f93b.jpg, 0, 1
melanoma_5435_jpg.rf.b93fbe0f4ab29dc92138647b1075e797.jpg, 0, 1
melanoma_5461_jpg.rf.b90f54171810cf1b00aa1a65857199e8.jpg, 0, 1
melanoma_5077_jpg.rf.b97dfdbd3d99a75b0fa168eec3ee9623.jpg, 0, 1
melanoma_887_jpg.rf.b9a59a06d05c6fed6bcf5c86799d05fe.jpg, 1, 0
melanoma_291_jpg.rf.b96d68167fb242a90550c36957c38931.jpg, 1, 0
melanoma_5259_jpg.rf.b9be3462e3b237f45d35acafcb80b60c.jpg, 0, 1
melanoma_5822_jpg.rf.b9bc0a06c43dee101ce2ad523eb2cc0a.jpg, 0, 1
melanoma_5809_jpg.rf.b9821d8f957a63162669dae0866bdd60.jpg, 0, 1
melanoma_5134_jpg.rf.baa2f351ccbaf3140aea1d976638f43a.jpg, 0, 1
melanoma_5418_jpg.rf.b9e8dc4a2223b99f3b6c368407a2893e.jpg, 0, 1
melanoma_48_jpg.rf.ba1e7ac7f09ebc206c37d095fdc74f32.jpg, 1, 0
melanoma_5697_jpg.rf.bab0621369d8c3787a9bd5678c36b5e0.jpg, 0, 1
melanoma_214_jpg.rf.bae3ddfb66f9f70782dba6c6a55dc240.jpg, 1, 0
melanoma_5270_jpg.rf.bb18d77916cf410ea341b1465ddeb925.jpg, 0, 1
melanoma_623_jpg.rf.bab9f7a067439dd71038f5298e2adf06.jpg, 1, 0
melanoma_614_jpg.rf.bc075fd348e8aa16c253fabf79e4cfd5.jpg, 1, 0
melanoma_5945_jpg.rf.bc0985e03955673cd861a416eef649de.jpg, 0, 1
melanoma_525_jpg.rf.bbccddb8e1bd70246fce87af1a947a79.jpg, 1, 0
melanoma_724_jpg.rf.bb82c75a71da5864517edee10b5ee2b0.jpg, 1, 0
melanoma_182_jpg.rf.bbcfe47911b1cce4523d6d54663eed4f.jpg, 1, 0
melanoma_5965_jpg.rf.bbcc9bead8d612b7da6f6e4e1bc9e4a1.jpg, 0, 1
melanoma_5198_jpg.rf.bc52d059f443533e60173280194cb2d9.jpg, 0, 1
melanoma_680_jpg.rf.bd4c0a6bc2e2ed613e58cc2ab0ef0bec.jpg, 1, 0
melanoma_239_jpg.rf.bd609c424f822ab5089b8cc39218c007.jpg, 1, 0
melanoma_886_jpg.rf.bc6a5623164c779b4cbb413c7b2ec501.jpg, 1, 0
melanoma_806_jpg.rf.be0478de01b5b7da38300c97454d8bc5.jpg, 1, 0
melanoma_400_jpg.rf.bd4dbc8f77ebadd989dbb4dde2083a55.jpg, 1, 0
melanoma_5071_jpg.rf.bda9c6e77b3b7ae7e9b7e6837b34f311.jpg, 0, 1
melanoma_5971_jpg.rf.be40e04e7fb94009e32f6ed76c20bd47.jpg, 0, 1
melanoma_5378_jpg.rf.bec55d09411509e4e0a20d0a04153995.jpg, 0, 1
melanoma_431_jpg.rf.bf332f14d27025837af6410c45653b58.jpg, 1, 0
melanoma_5710_jpg.rf.be2ed8b7b0b16dd703f409f506a9ce58.jpg, 0, 1
melanoma_5171_jpg.rf.bfb77262d74aa1cd170572a57a2342fb.jpg, 0, 1
melanoma_5819_jpg.rf.be66f9c2b53019f4ec4a62ef8a6718a8.jpg, 0, 1
melanoma_5492_jpg.rf.bfc7310bc63812ae767c7b8374a76ef7.jpg, 0, 1
melanoma_5599_jpg.rf.c08941f3189cdcfda0a4f9f141635ca6.jpg, 0, 1
melanoma_293_jpg.rf.c0af056a766103cc68a0d479903e74cd.jpg, 1, 0
melanoma_5130_jpg.rf.c063a6775920d5a59116e0b972be141c.jpg, 0, 1
melanoma_959_jpg.rf.c1257fb47b1ec0327d2cd0ca195f021b.jpg, 1, 0
melanoma_460_jpg.rf.c0d331007a2191d1f8fb2d46fba1ac2e.jpg, 1, 0
melanoma_5339_jpg.rf.c153ff966ac5448d63a4a91814c8f636.jpg, 0, 1
melanoma_5047_jpg.rf.c1befe11d355d60915548b083ca68497.jpg, 0, 1
melanoma_6004_jpg.rf.c1accc23614d6471579fd3807fcb5bb8.jpg, 0, 1
melanoma_5984_jpg.rf.c1c7833777983114a2a2162cd55ecb85.jpg, 0, 1
melanoma_25_jpg.rf.c27897de916d2e274b9d7e7b3f50d6cb.jpg, 1, 0
melanoma_901_jpg.rf.c131eb295b34b309d149fcaaec5875c9.jpg, 1, 0
melanoma_5033_jpg.rf.c2dc294916bfe1acb9281b32be5763e9.jpg, 0, 1
melanoma_842_jpg.rf.c279b2ff556c13560d8a7263e5894bdd.jpg, 1, 0
melanoma_5936_jpg.rf.c2bc82fc519579aca94ea436115b5453.jpg, 0, 1
melanoma_5793_jpg.rf.c30e205c72e8328ad5b38cbd75bc15ba.jpg, 0, 1
melanoma_5353_jpg.rf.c36593d0aac3c458bf5a16ee97b7c0ca.jpg, 0, 1
melanoma_0_jpg.rf.c44a8d5e51608f546f49de923f76081d.jpg, 1, 0
melanoma_835_jpg.rf.c52360c53f733ad53057410b065ac05e.jpg, 1, 0
melanoma_5363_jpg.rf.c4ecd9f1dd0fbeebcec70cd2fe4be59d.jpg, 0, 1
melanoma_5308_jpg.rf.c55a60ec3f087b63b3a359c8a4a33f41.jpg, 0, 1
melanoma_5854_jpg.rf.c598de5ab2aa0ddfd2f12c6d41363b27.jpg, 0, 1
melanoma_967_jpg.rf.c58c179cf38d99a26d43e02488ad2ef2.jpg, 1, 0
melanoma_5432_jpg.rf.c5ca47269cf580d23b92abeb89b3974c.jpg, 0, 1
melanoma_5322_jpg.rf.c5fb8853bd6eaf9c65cc362350065847.jpg, 0, 1
melanoma_12_jpg.rf.c5bf5d22982679005884a2f745832b23.jpg, 1, 0
melanoma_5628_jpg.rf.c5ae65a2344905300783c89ae1947345.jpg, 0, 1
melanoma_5162_jpg.rf.c61332e803fd8a9b555ba0327e945083.jpg, 0, 1
melanoma_5542_jpg.rf.c75696d533222b47e10643d5f0cea2ee.jpg, 0, 1
melanoma_5280_jpg.rf.c7631974e1010cf09819287e48f9d946.jpg, 0, 1
melanoma_402_jpg.rf.c6e65b6f247a78e1230392ed5f452ac2.jpg, 1, 0
melanoma_811_jpg.rf.c77c49e7d63360130b3c02ff045bcf39.jpg, 1, 0
melanoma_5048_jpg.rf.c81659c1de124af7e4b0b99b11c4db51.jpg, 0, 1
melanoma_5810_jpg.rf.c7773806cec8582c55f0e71373f44424.jpg, 0, 1
melanoma_570_jpg.rf.c836239e7459dca309252ac9718eebb8.jpg, 1, 0
melanoma_548_jpg.rf.c85f7a8462f4ea9797f6e42cf8ec9e6a.jpg, 1, 0
melanoma_885_jpg.rf.c89aa54be593169d3072b4b7fe97d1c6.jpg, 1, 0
melanoma_5052_jpg.rf.c8f34c99b3dde1a3e9cd199028735a8a.jpg, 0, 1
melanoma_5575_jpg.rf.c9c67ff32ede689640ce9b7e190be042.jpg, 0, 1
melanoma_5381_jpg.rf.c98ddcefa96700e14547fc941b382b58.jpg, 0, 1
melanoma_485_jpg.rf.c912b2bc05651da0e74dd937a906c69a.jpg, 1, 0
melanoma_5131_jpg.rf.c89dca6481f22db2b709217ff4d2126e.jpg, 0, 1
melanoma_110_jpg.rf.c87f88e8fbb24b1d6b3127e81635646b.jpg, 1, 0
melanoma_944_jpg.rf.ccae1327ff9f20f8c75cd7014ef7a0bd.jpg, 1, 0
melanoma_5977_jpg.rf.ca508c6574d835c5c20fd32e14d825f3.jpg, 0, 1
melanoma_5645_jpg.rf.cdae4d08c01c727af829f359df7817dd.jpg, 0, 1
melanoma_567_jpg.rf.ce22480df4baffb24d2a11617f7cf527.jpg, 1, 0
melanoma_5002_jpg.rf.cb4c44b2543375fd6bcab6028231beab.jpg, 0, 1
melanoma_674_jpg.rf.cd0b9a9a330ee3bc1795695d47418b67.jpg, 1, 0
melanoma_5911_jpg.rf.cc72586d8726951897796e2a3b3a76ba.jpg, 0, 1
melanoma_940_jpg.rf.cbee28f9acc3833263c6c776529f3828.jpg, 1, 0
melanoma_5636_jpg.rf.ca50d0566e6f35af9a463b4d1233de3d.jpg, 0, 1
melanoma_5111_jpg.rf.ce90f37d6997b57f6a307d83b173e324.jpg, 0, 1
melanoma_5534_jpg.rf.cb5b7eebb2f0008267cdda1d0f1fa7ab.jpg, 0, 1
melanoma_167_jpg.rf.cd190e5de43176c148a9e98624ecc214.jpg, 1, 0
melanoma_999_jpg.rf.cce0ec031d056da5f2fc99c26c7e3dfc.jpg, 1, 0
melanoma_696_jpg.rf.cc99ae95f05fa94857f2077a87578c8a.jpg, 1, 0
melanoma_5776_jpg.rf.cd9b6f3ba0c4ecf5608001c251d6af37.jpg, 0, 1
melanoma_955_jpg.rf.ccc828b06bf2b7541f64877c5275372d.jpg, 1, 0
melanoma_5553_jpg.rf.ca48d0530c31b4db951264975ae09553.jpg, 0, 1
melanoma_5327_jpg.rf.cb42d00721de8fa08c71696af94dfd3f.jpg, 0, 1
melanoma_267_jpg.rf.cca7ab3adfb955e5cd76ef778eba3963.jpg, 1, 0
melanoma_5811_jpg.rf.cb75d244e7fc0d3cc768dea7941361b0.jpg, 0, 1
melanoma_677_jpg.rf.cbc71832b1c175d408805a28084f7187.jpg, 1, 0
melanoma_411_jpg.rf.ce7f0c6988189276e23b56b6a437b231.jpg, 1, 0
melanoma_5914_jpg.rf.ca761ac2ca5724e2aa9cf574e34b91e6.jpg, 0, 1
melanoma_578_jpg.rf.ce97bda6c348242136d8b0de8b500a1e.jpg, 1, 0
melanoma_612_jpg.rf.ca3e2cfdf53878803d8605d1cf7cfa62.jpg, 1, 0
melanoma_584_jpg.rf.cd78b6ea9bc6cf826ae1ea879fcba3d8.jpg, 1, 0
melanoma_5184_jpg.rf.cea9348ea3869d28e097edbffb03b941.jpg, 0, 1
melanoma_5373_jpg.rf.cf0bf694489c246b0818eb8b0ffd2f5e.jpg, 0, 1
melanoma_5424_jpg.rf.cfa56bcf74ffc3ea0b5f30f4c5f30fae.jpg, 0, 1
melanoma_116_jpg.rf.cf82a242e5cc11c22e0b1f2c08362fe3.jpg, 1, 0
melanoma_5182_jpg.rf.cf39ac34c44e758fb70dda1f2eac0215.jpg, 0, 1
melanoma_1015_jpg.rf.cff21dde86bfc1236e5a1387bee6ccb9.jpg, 1, 0
melanoma_5821_jpg.rf.d01ed113d089fafaa28c8dae35ce9bbe.jpg, 0, 1
melanoma_5342_jpg.rf.cfd5fde7e33fa7631ca6cf94e62757b5.jpg, 0, 1
melanoma_5506_jpg.rf.cff24f14d3c7f9c778a06e61488cab41.jpg, 0, 1
melanoma_5982_jpg.rf.cf097796dae95f302a3603fd3be10bad.jpg, 0, 1
melanoma_5569_jpg.rf.d05aa8203057d3255a5988eb9edee883.jpg, 0, 1
melanoma_500_jpg.rf.d03fed8d764c6e02de9c45fd399fafe2.jpg, 1, 0
melanoma_903_jpg.rf.d03ecff1cf8b7b48967e81ffa9ee9e3f.jpg, 1, 0
melanoma_395_jpg.rf.d074aaa310a8d52370d0877001ab57ce.jpg, 1, 0
melanoma_85_jpg.rf.d05c44f35d712f48d491d3f0f7457b7b.jpg, 1, 0
melanoma_403_jpg.rf.d0c89ca92be1dc329bfba09610f67ef0.jpg, 1, 0
melanoma_5148_jpg.rf.d0b10728b24c387276ae1d7dbe85682a.jpg, 0, 1
melanoma_5624_jpg.rf.d0b1d4a04f90b8fd121b2ec9a5a7ca38.jpg, 0, 1
melanoma_5008_jpg.rf.d10557a678a0b76d4883452c814688ef.jpg, 0, 1
melanoma_5000_jpg.rf.d1098f7c0cc530010a76ece682ba4ea7.jpg, 0, 1
melanoma_5447_jpg.rf.d13e806b54620a8d84f5950ad716fc19.jpg, 0, 1
melanoma_5102_jpg.rf.d1e3b488a34198c008fecd9fef63feac.jpg, 0, 1
melanoma_5655_jpg.rf.d128c8e1f131e01fc9e46b7c14412e43.jpg, 0, 1
melanoma_5406_jpg.rf.d2337e91d935540a62669acf77536062.jpg, 0, 1
melanoma_340_jpg.rf.d1697593b9b8f258590e6d4c95c7d8fd.jpg, 1, 0
melanoma_5594_jpg.rf.d204deb7a9d39d730a86e9312d15a18a.jpg, 0, 1
melanoma_5953_jpg.rf.d2b918cd7f78ff9757e95359a1012478.jpg, 0, 1
melanoma_5025_jpg.rf.d2f08c07601ad9cf0e270ba8d494d0d8.jpg, 0, 1
melanoma_764_jpg.rf.d309101af482536f670057c19e5f5d4d.jpg, 1, 0
melanoma_5082_jpg.rf.d31ba62593e7af4515eacbf85336c0b5.jpg, 0, 1
melanoma_6020_jpg.rf.d3a40d67973601eea9be9b9cd367cd8a.jpg, 0, 1
melanoma_5508_jpg.rf.d37de3083993c6157150992819dbbabf.jpg, 0, 1
melanoma_711_jpg.rf.d3f8dd02aac6bf5797e021757180e07b.jpg, 1, 0
melanoma_78_jpg.rf.d492f1cf009c16fbd0f38633b37fa49a.jpg, 1, 0
melanoma_5459_jpg.rf.d507c55960c6b04b61580491c2265edf.jpg, 0, 1
melanoma_5853_jpg.rf.d478544195fc2231bc6118d96b9f502c.jpg, 0, 1
melanoma_421_jpg.rf.d4e9a56a2278b1a4e7d8ed8ea10834b0.jpg, 1, 0
melanoma_5612_jpg.rf.d58569c14eb3d8e347975a5a63f74095.jpg, 0, 1
melanoma_41_jpg.rf.d51d7bfc2c21b60fcd332ec191d8e6c6.jpg, 1, 0
melanoma_5537_jpg.rf.d5e9f62648a9051adca322e99d065940.jpg, 0, 1
melanoma_131_jpg.rf.d66736566857d0b78c019395aaacb0e0.jpg, 1, 0
melanoma_941_jpg.rf.d67bda419f7efafbc7f825132818626e.jpg, 1, 0
melanoma_5199_jpg.rf.d681648eb08a17361b367b35c62297db.jpg, 0, 1
melanoma_961_jpg.rf.d696fbfac29b1c1c8bcf3d39d87132f8.jpg, 1, 0
melanoma_287_jpg.rf.d68858094d13eeb034c72ec66380ceef.jpg, 1, 0
melanoma_5648_jpg.rf.d76a980f1719cf2ae92e9cc017433db7.jpg, 0, 1
melanoma_5222_jpg.rf.d6a6fdac0380980b45aa0e20276d6669.jpg, 0, 1
melanoma_836_jpg.rf.d78f49d9f60122e3e741c761cacfc930.jpg, 1, 0
melanoma_462_jpg.rf.d6e26cfcc90a9a251630990739915129.jpg, 1, 0
melanoma_5659_jpg.rf.d774f81604389b9beee1e2bfc74e1660.jpg, 0, 1
melanoma_218_jpg.rf.d79e821e45a2dd7787d3a078b8793727.jpg, 1, 0
melanoma_173_jpg.rf.d69cfe6ea20d363c42044034a97a36de.jpg, 1, 0
melanoma_5422_jpg.rf.d7f61a6a3162deeaa2051b1db1dcda56.jpg, 0, 1
melanoma_24_jpg.rf.d7e3877f2d389b67795ba03323424ecb.jpg, 1, 0
melanoma_442_jpg.rf.d81e027bb84ca7bb1f7082fb0eea51c9.jpg, 1, 0
melanoma_5963_jpg.rf.d85f4b7ff190a168aac09ed4d9cb8a35.jpg, 0, 1
melanoma_172_jpg.rf.d81ef1be821e324c920664062554b138.jpg, 1, 0
melanoma_6000_jpg.rf.d86fab1358d176491796831b7e6f11b5.jpg, 0, 1
melanoma_434_jpg.rf.d81e558ef96dd16d929a0cf2f9c2bd71.jpg, 1, 0
melanoma_5574_jpg.rf.d8e4c84dcc715feee0de9897d52210d0.jpg, 0, 1
melanoma_5786_jpg.rf.d94d6651745cc47532f32634ee37e197.jpg, 0, 1
melanoma_429_jpg.rf.d93166b605273e66b22aac451a76d751.jpg, 1, 0
melanoma_982_jpg.rf.d9e49173411ed74ad5023dfe30ae1eef.jpg, 1, 0
melanoma_438_jpg.rf.d95559c8dfabf957eb787138e4ba2f44.jpg, 1, 0
melanoma_5458_jpg.rf.d9c7cb2ad3fc6a565614358a77f9fc22.jpg, 0, 1
melanoma_5079_jpg.rf.d9a3487d15a3fd1f26707e9ec161bce2.jpg, 0, 1
melanoma_5087_jpg.rf.d9829cad2a03009485525f16f4930e73.jpg, 0, 1
melanoma_119_jpg.rf.da5686be18cb2772e2565f54c7ff5cb7.jpg, 1, 0
melanoma_366_jpg.rf.da2a5770d7efaad7deba450c87f5bfab.jpg, 1, 0
melanoma_5712_jpg.rf.da37b70e51d8a9fe1693b75dba40bfb3.jpg, 0, 1
melanoma_785_jpg.rf.da778f22827346b3a34dad3c3a258848.jpg, 1, 0
melanoma_374_jpg.rf.da5b25a129e7be11e53ef11d53a99155.jpg, 1, 0
melanoma_5544_jpg.rf.da7ce5dac63cdd5d65a642bbc4fe03e0.jpg, 0, 1
melanoma_181_jpg.rf.da9b71901d6366440230fc89b1711d4a.jpg, 1, 0
melanoma_5132_jpg.rf.dae4e703d8b7a0740740f31818e31044.jpg, 0, 1
melanoma_5454_jpg.rf.daef8734bb869e6150055fd8f5bff7b3.jpg, 0, 1
melanoma_5451_jpg.rf.dbce6017c16ca63d32d141ae80d9b22b.jpg, 0, 1
melanoma_115_jpg.rf.dbc61fbfb116b6d0f8faafda38d8168e.jpg, 1, 0
melanoma_5608_jpg.rf.db35ac22322091469e3ddc1e88818647.jpg, 0, 1
melanoma_778_jpg.rf.dbdc8f30c6bef162adf7f2c4e51ce556.jpg, 1, 0
melanoma_5250_jpg.rf.db49e22266c7abb9d97404db063553f2.jpg, 0, 1
melanoma_989_jpg.rf.dbe26fc45856947176027b995e3a3c81.jpg, 1, 0
melanoma_744_jpg.rf.dc11aaaf5d7548055aa85b0d9cd69bde.jpg, 1, 0
melanoma_5021_jpg.rf.dc5cb6d915e7876f90b54385a2686097.jpg, 0, 1
melanoma_5254_jpg.rf.dbf28be8c31f0f8e1a9b001d05b0e355.jpg, 0, 1
melanoma_5186_jpg.rf.dc96a2538b329620713584f85e164453.jpg, 0, 1
melanoma_5796_jpg.rf.dbf4d4cf2c2fcaa9fa39320d1e9e6b3d.jpg, 0, 1
melanoma_5430_jpg.rf.dd37d0e5ad74a21fffebbb3f2f43273e.jpg, 0, 1
melanoma_939_jpg.rf.dd1fc6b63f33a80ebda68db4f2379af7.jpg, 1, 0
melanoma_562_jpg.rf.dc9f111cc12c4efa400930632dca2559.jpg, 1, 0
melanoma_5714_jpg.rf.dd3bdb6f69e383e9e6407575e927374a.jpg, 0, 1
melanoma_22_jpg.rf.dd876b10b7f39a97391caef97e555416.jpg, 1, 0
melanoma_519_jpg.rf.ddc1518d416a0940e7083acb99998c9e.jpg, 1, 0
melanoma_5519_jpg.rf.dd56659f2c346b20f00166d2eeb3e87c.jpg, 0, 1
melanoma_5212_jpg.rf.de280637a121ea081eb01718ebaa3931.jpg, 0, 1
melanoma_882_jpg.rf.de34e2af61d57183214ad4908e2e7e40.jpg, 1, 0
melanoma_6024_jpg.rf.ddf89946cc126dc4e1abaefdf4e09c33.jpg, 0, 1
melanoma_5923_jpg.rf.de0fe44b2695e33688799bb207f05fb4.jpg, 0, 1
melanoma_5877_jpg.rf.ddcb6f5afb485c71f9951a753f90b256.jpg, 0, 1
melanoma_194_jpg.rf.de79169437b631e24c8bb985a9f986e6.jpg, 1, 0
melanoma_5804_jpg.rf.de44dce6b285cd01bb33a700d4f9d58d.jpg, 0, 1
melanoma_5054_jpg.rf.df129027b90eedf803bf04b6b279a731.jpg, 0, 1
melanoma_13_jpg.rf.de5b82032970f578f8a5965a2760b923.jpg, 1, 0
melanoma_658_jpg.rf.df7c9879e35becbb75cfb07cdf8c87a1.jpg, 1, 0
melanoma_5205_jpg.rf.dfc5fd15d52e3d5c36f30fbc83b95f7e.jpg, 0, 1
melanoma_794_jpg.rf.de887f6d843a508818274adad48c37b3.jpg, 1, 0
melanoma_501_jpg.rf.dfb940614a82d7776707bf95f5991b41.jpg, 1, 0
melanoma_490_jpg.rf.dff19936713f2ea046f08b30ff3d4fe5.jpg, 1, 0
melanoma_5141_jpg.rf.e043d6e91f90f98001ef47ed2d875151.jpg, 0, 1
melanoma_931_jpg.rf.dec991a954c0b897c30ac51f39bc4802.jpg, 1, 0
melanoma_637_jpg.rf.e00ce93e979e09294a46af2fe59fc25d.jpg, 1, 0
melanoma_5287_jpg.rf.e0570e045612685ea74ef302c99d17f1.jpg, 0, 1
melanoma_798_jpg.rf.dffbfdde93ccd3f5f030f1cbcf771855.jpg, 1, 0
melanoma_5991_jpg.rf.e160d6fea6cd89c525c490878d91cfa0.jpg, 0, 1
melanoma_918_jpg.rf.e0c71d682b7b859faed502675d9fe2ed.jpg, 1, 0
melanoma_1014_jpg.rf.e119922f9e86c2f95a7b2875effdf51e.jpg, 1, 0
melanoma_5164_jpg.rf.e16d0dc0d1e3c29ffcf20b99ee88920a.jpg, 0, 1
melanoma_54_jpg.rf.e152a25ce73cae5e56d51390684b3189.jpg, 1, 0
melanoma_683_jpg.rf.e122514b82852be21e22b09ffd24c53b.jpg, 1, 0
melanoma_5724_jpg.rf.e1b0091173daf1dab6a0aed77b4cb2c6.jpg, 0, 1
melanoma_28_jpg.rf.e1baf1854f0d3a12bcfb37bbf0855be6.jpg, 1, 0
melanoma_5917_jpg.rf.e1f1ceffa186fc6dce0d69448a130b86.jpg, 0, 1
melanoma_5390_jpg.rf.e1f961a0a4ae007590afd4fe060ce377.jpg, 0, 1
melanoma_1009_jpg.rf.e1fb220af35e966ebb001e24ace074e9.jpg, 1, 0
melanoma_492_jpg.rf.e1fb7e9ae6d899e71e440a00ea45cdb4.jpg, 1, 0
melanoma_130_jpg.rf.e2cacd5f1d9e8968ee9821e3fdc3435a.jpg, 1, 0
melanoma_984_jpg.rf.e268a35506960bcdc639547caa4a6f32.jpg, 1, 0
melanoma_5958_jpg.rf.e23868e6a014c214561a74586167a134.jpg, 0, 1
melanoma_5138_jpg.rf.e241bf807da3a27f0aff7587ee730769.jpg, 0, 1
melanoma_5001_jpg.rf.e35d0ca690a196359fec8bc77344b1db.jpg, 0, 1
melanoma_491_jpg.rf.e3d0a8996a9e24c3f9dba633f72e6863.jpg, 1, 0
melanoma_5326_jpg.rf.e2151abdb8c2a6fcb008e2592c9e6fec.jpg, 0, 1
melanoma_937_jpg.rf.e3244dfa1254a103011aef8ebb895bd6.jpg, 1, 0
melanoma_649_jpg.rf.e44e3016ac8fa5859ba4da72aa0fa472.jpg, 1, 0
melanoma_5566_jpg.rf.e34a05aa99f3065135654d12633ce2eb.jpg, 0, 1
melanoma_5880_jpg.rf.e4343159e685c8be2251add01de0da10.jpg, 0, 1
melanoma_5523_jpg.rf.e41eae84ad596dfa0967b52991c00ba5.jpg, 0, 1
melanoma_511_jpg.rf.e461928ea6dd4ea0a51a2021226598c8.jpg, 1, 0
melanoma_5987_jpg.rf.e432e4179586b055e1bafabf2724a030.jpg, 0, 1
melanoma_1019_jpg.rf.e470fcd7047d670e4f5cc47ad7279bc9.jpg, 1, 0
melanoma_5560_jpg.rf.e45142d4427d47e8d3fafc84ffa88750.jpg, 0, 1
melanoma_426_jpg.rf.e458950fa5d51cb0e3d46c59cffd209a.jpg, 1, 0
melanoma_5336_jpg.rf.e4b37c38395493c9377f5ae7eb19971e.jpg, 0, 1
melanoma_5551_jpg.rf.e4bba7a8a6265b39f2a2da9c1a672d69.jpg, 0, 1
melanoma_5090_jpg.rf.e5124999a0056d073567647de24a1047.jpg, 0, 1
melanoma_605_jpg.rf.e53c018583508aa178ae03c13be75128.jpg, 1, 0
melanoma_5752_jpg.rf.e5e6b4b3b6bd462673e6893ef1ba54da.jpg, 0, 1
melanoma_1025_jpg.rf.e629e72f1feb59092ed31f45e1ab0f44.jpg, 1, 0
melanoma_5673_jpg.rf.e57efa484ce4cc013b16b2c99acdeb15.jpg, 0, 1
melanoma_5789_jpg.rf.e5fe4bcf91b4ff3a244bb666abc53223.jpg, 0, 1
melanoma_5140_jpg.rf.e4dfd1e3112e88aff8889fc949a59789.jpg, 0, 1
melanoma_5558_jpg.rf.e583617ebcdd0b9bc909b8b106c6e8c6.jpg, 0, 1
melanoma_5151_jpg.rf.e613fd360c534f98d217cf83045d9831.jpg, 0, 1
melanoma_5252_jpg.rf.e67c850bf6c8d718157651c6a0e1f08f.jpg, 0, 1
melanoma_5295_jpg.rf.e638b9ab53817300aef5030046b74f31.jpg, 0, 1
melanoma_5579_jpg.rf.e641cb66baa0bd5a724dced9fe33e4fb.jpg, 0, 1
melanoma_5041_jpg.rf.e611d7e0d2962667720869af78981e5f.jpg, 0, 1
melanoma_5215_jpg.rf.e652aef59bca8f0d98c0bb418e63a2f7.jpg, 0, 1
melanoma_441_jpg.rf.e6a42231e2859851adbeea10d566650f.jpg, 1, 0
melanoma_128_jpg.rf.e6d92dd8caf8a9b6454f56b916369c27.jpg, 1, 0
melanoma_5896_jpg.rf.e6a992500141890a3764af0d054cb504.jpg, 0, 1
melanoma_5457_jpg.rf.e7696e98ad25b98b5c3f13864ca2b425.jpg, 0, 1
melanoma_318_jpg.rf.e7621454093c52e52b01486b599086b0.jpg, 1, 0
melanoma_6015_jpg.rf.e71ec2c40ac636a94cad29d0b09bff86.jpg, 0, 1
melanoma_387_jpg.rf.e72ce8782326c10f38581b4cb2f7cf82.jpg, 1, 0
melanoma_628_jpg.rf.e776671ecacfb64370af2f5c2acad983.jpg, 1, 0
melanoma_736_jpg.rf.e785e69058871a83e3e2c44afa9e5d83.jpg, 1, 0
melanoma_5995_jpg.rf.e806b9ac103fbdc5aa797ad95a4816ae.jpg, 0, 1
melanoma_600_jpg.rf.e78746cf34db41a11ebb5d0f816e2938.jpg, 1, 0
melanoma_5216_jpg.rf.e80cfd151b5e2799049f3ede3c82413b.jpg, 0, 1
melanoma_5157_jpg.rf.e78640783b01ebf9f1919224d529f198.jpg, 0, 1
melanoma_396_jpg.rf.e91890e71b6f9e2e109a8361dd5c9ba3.jpg, 1, 0
melanoma_324_jpg.rf.e90b31f0a1a33f02caaaf3f24b100b88.jpg, 1, 0
melanoma_656_jpg.rf.e819778800ffcd62b3aeff8d5ea28983.jpg, 1, 0
melanoma_5387_jpg.rf.ea0b01f7832d015505b1b6d5a0c50a77.jpg, 0, 1
melanoma_731_jpg.rf.e92211501245cbd854c23e147d8c0068.jpg, 1, 0
melanoma_5003_jpg.rf.e9cb6708a8966fac4b2f37c1da0a8d75.jpg, 0, 1
melanoma_346_jpg.rf.ea4e75b504c2dd9c0ef779d58ebc0166.jpg, 1, 0
melanoma_900_jpg.rf.ea202d1754ad8c40ea005516b7afe8c6.jpg, 1, 0
melanoma_663_jpg.rf.ea3e8e17007f5530d57979087e686922.jpg, 1, 0
melanoma_5192_jpg.rf.eabb3e38f74e538b9016d278bb4771fd.jpg, 0, 1
melanoma_664_jpg.rf.ea9a1253d2c71c284a5db45d7148e80f.jpg, 1, 0
melanoma_139_jpg.rf.eac8272400a1c6ea9b45296a9ed4c98b.jpg, 1, 0
melanoma_440_jpg.rf.eae3903662390e69043814c1c186770d.jpg, 1, 0
melanoma_5611_jpg.rf.eaeafb6e9d756e658ad38f2885f52135.jpg, 0, 1
melanoma_946_jpg.rf.eb0eb6e74a667b330dbd6b5b44450fad.jpg, 1, 0
melanoma_358_jpg.rf.eb4fc2ecb1a005176c48ea882b3e8f8f.jpg, 1, 0
melanoma_520_jpg.rf.eb5188ff16afa1a3ef61c1ee0cc67d6e.jpg, 1, 0
melanoma_305_jpg.rf.eb8f7943de8abb1114f6d04d028416ba.jpg, 1, 0
melanoma_5028_jpg.rf.eb87ea1a1f224b56589bfeb148bee0bc.jpg, 0, 1
melanoma_5871_jpg.rf.eb81a4088ff244f1f09e2e5913488238.jpg, 0, 1
melanoma_5120_jpg.rf.eb2efa0244ae73d2bd40612fcda43c51.jpg, 0, 1
melanoma_5462_jpg.rf.eba83caa6ae1718c3e55c9a2c44b5cc0.jpg, 0, 1
melanoma_309_jpg.rf.eb952b85a4e7f8de8bfa0f4db1a82cb1.jpg, 1, 0
melanoma_5103_jpg.rf.ec0a52e616e4a2752e35f5c2a0a42558.jpg, 0, 1
melanoma_958_jpg.rf.ebe452a34eec1ec6099bc873cc8d0ca1.jpg, 1, 0
melanoma_473_jpg.rf.ec034b7235624fe6f91c7ef57da52b0f.jpg, 1, 0
melanoma_5564_jpg.rf.ec230e307444b59bc3de3238ff557e6e.jpg, 0, 1
melanoma_5310_jpg.rf.ec425a1c3fdaea89d099950ea6e4f732.jpg, 0, 1
melanoma_857_jpg.rf.ec6b3e1c84ac22a4e7db593b184bb797.jpg, 1, 0
melanoma_171_jpg.rf.ec3578435d26487b486cd8271b365d5c.jpg, 1, 0
melanoma_609_jpg.rf.ecb9c5fd4026b21603b9f1cb0838e123.jpg, 1, 0
melanoma_5719_jpg.rf.ed429240f1b3cbcd24719c1058af8f52.jpg, 0, 1
melanoma_5046_jpg.rf.ed29aa9a493b3b5fbeedfbe6c8774c73.jpg, 0, 1
melanoma_243_jpg.rf.ed9b478a7b2d51204fd58bb9b26544bb.jpg, 1, 0
melanoma_907_jpg.rf.ed86125c6fcdade4380e6641a5c9aea7.jpg, 1, 0
melanoma_5191_jpg.rf.ed85848c0086441f7be8f4aa0b8f64cc.jpg, 0, 1
melanoma_111_jpg.rf.ed7701f5a0e681a7fa6be0b48038a891.jpg, 1, 0
melanoma_782_jpg.rf.ee1a7e38ea3eeb98399380357dc0adac.jpg, 1, 0
melanoma_5847_jpg.rf.edf89dd3e8e321ecb081f13f90a48502.jpg, 0, 1
melanoma_5245_jpg.rf.eeffb3c88bb577148ea0ecea4d94c13a.jpg, 0, 1
melanoma_5484_jpg.rf.ee77468c11b025740534a718f6f1a85f.jpg, 0, 1
melanoma_864_jpg.rf.ef05fb6e194b4a695d1eeb2ac40c1ab2.jpg, 1, 0
melanoma_271_jpg.rf.eec969dedc4455fa0dec4e2cee26297a.jpg, 1, 0
melanoma_919_jpg.rf.ef434f5fedd84f859520d1f85a21faf6.jpg, 1, 0
melanoma_5489_jpg.rf.eef8a2ce739248687891ef6ace75f514.jpg, 0, 1
melanoma_437_jpg.rf.ef0c7a377a771e009b2f430aa4ca591b.jpg, 1, 0
melanoma_5527_jpg.rf.efa31e559880f212c181b24e833758d0.jpg, 0, 1
melanoma_871_jpg.rf.efb716bea52a8320a9b3f86ed276738d.jpg, 1, 0
melanoma_5626_jpg.rf.ef00d0344ff8368936b682e915955941.jpg, 0, 1
melanoma_5063_jpg.rf.efa797075278a8bddfef0c0501cffdbb.jpg, 0, 1
melanoma_192_jpg.rf.ef96f6a88061b39633be155ebb8ffadf.jpg, 1, 0
melanoma_676_jpg.rf.efd0717a08e6b5cebee20f2b2c8f1ba7.jpg, 1, 0
melanoma_751_jpg.rf.efd5f67dc960ac50daca119a02930265.jpg, 1, 0
melanoma_5253_jpg.rf.f07e3ab2cc609072d0643c6a3a8fb1f5.jpg, 0, 1
melanoma_5104_jpg.rf.efbab11c393fd455f6d391d255d1516a.jpg, 0, 1
melanoma_486_jpg.rf.f02303b41aa9b7da52bed894e1ca87bd.jpg, 1, 0
melanoma_852_jpg.rf.f0d469abb6b16dc7f32336b0381ea311.jpg, 1, 0
melanoma_5761_jpg.rf.f162c40e973f9e6c5b0de64133b9b3b2.jpg, 0, 1
melanoma_863_jpg.rf.f10a12aee36d2ba6e2875369e15974ba.jpg, 1, 0
melanoma_5515_jpg.rf.f1025b50fa08e5253a4ad8a2cb5d772d.jpg, 0, 1
melanoma_5053_jpg.rf.6bbea7a9f4d584652da4e8780a4c4ae9.jpg, 0, 1
melanoma_5928_jpg.rf.6be713041615c334618ed0aa8de2fc4c.jpg, 0, 1
melanoma_5187_jpg.rf.6b3e433ac3a927c6acd0dc7edc12d8e6.jpg, 0, 1
melanoma_197_jpg.rf.6c5c7074cc7e3d654f290cb1f53bdfce.jpg, 1, 0
melanoma_5229_jpg.rf.6aa22ca758d1a8c60c259767c5d53ef0.jpg, 0, 1
melanoma_5403_jpg.rf.6b923f8c9ec15514fd87cd1915a3d726.jpg, 0, 1
melanoma_183_jpg.rf.6c75d08f3de6e7c13a1ea7b8c40dbc8e.jpg, 1, 0
melanoma_349_jpg.rf.6a3f0b5e0e885e3f89c6ce47f4ac9a9c.jpg, 1, 0
melanoma_5838_jpg.rf.6a569a7641f9f206b9204dc83d69d128.jpg, 0, 1
melanoma_5784_jpg.rf.6aa007670236095a496782763dc91367.jpg, 0, 1
melanoma_5167_jpg.rf.6a442fb1ba440a29382e7a5f71329e51.jpg, 0, 1
melanoma_5521_jpg.rf.6c44091a63115c723fefe41adbb6bee0.jpg, 0, 1
melanoma_410_jpg.rf.6b4b09be696d21e7e310092b5b3d6b7c.jpg, 1, 0
melanoma_5178_jpg.rf.6a5a2c7f4f690b6ca80548c62601e244.jpg, 0, 1
melanoma_950_jpg.rf.6aca62ad5f1ada0e1ded576361a45b2b.jpg, 1, 0
melanoma_470_jpg.rf.6b49fbce770cb230adcb8efb4194301a.jpg, 1, 0
melanoma_5073_jpg.rf.6c3921bf4b088c5866a945840bb5eec7.jpg, 0, 1
melanoma_5394_jpg.rf.6aa8a157fe77d4e43b196ee269e4f61d.jpg, 0, 1
melanoma_5837_jpg.rf.6abf23bac3f9475609563dd403bcf294.jpg, 0, 1
melanoma_5605_jpg.rf.6ab0eb68a4a7edb446ffcd86449a79a1.jpg, 0, 1
melanoma_5950_jpg.rf.6b4454ed1dc2a92cef59919efa71682f.jpg, 0, 1
melanoma_5607_jpg.rf.6ad3a733be2f5b70ea219ea18c73ac3f.jpg, 0, 1
melanoma_5947_jpg.rf.6b7438ad7d28d7cd5017df7464426618.jpg, 0, 1
melanoma_6013_jpg.rf.6c9fb9074b9db6d34a90504129e9d1f6.jpg, 0, 1
melanoma_415_jpg.rf.6c9a1c098a29756659cbf2dbff3dacb0.jpg, 1, 0
melanoma_5230_jpg.rf.6cf2360671e2be9891d6a513537d7d62.jpg, 0, 1
melanoma_5017_jpg.rf.6caa56f7dc6f1107f1aa4785e4b95680.jpg, 0, 1
melanoma_710_jpg.rf.6a9b36b0ef6b86ee80220d08b1486006.jpg, 1, 0
melanoma_336_jpg.rf.6b5d0e07bc116d0a35b58a1da5d7efb1.jpg, 1, 0
melanoma_5518_jpg.rf.6d4ba000e912e80cdba4fd2a20b7650a.jpg, 0, 1
melanoma_5129_jpg.rf.6d5e3afca78ad876f0821b2aeadebf4f.jpg, 0, 1
melanoma_53_jpg.rf.6d751eb74fbd0caa93dec70fcd16adca.jpg, 1, 0
melanoma_703_jpg.rf.6d1d1a659bec9d7808a096be849dc3c1.jpg, 1, 0
melanoma_5413_jpg.rf.6da97324bc0dd96108500057af29d97b.jpg, 0, 1
melanoma_5059_jpg.rf.6e1b14564ca80c1639bfa2d617a38a33.jpg, 0, 1
melanoma_5114_jpg.rf.6dc105d3d0307d778c41e336c809f864.jpg, 0, 1
melanoma_1005_jpg.rf.6e4c3bcabf72c5afabaec79b502597e4.jpg, 1, 0
melanoma_5623_jpg.rf.6def2c1f688c75ed0fde6496e444d05a.jpg, 0, 1
melanoma_329_jpg.rf.6e575e5f99e826866fa5320cda56732e.jpg, 1, 0
melanoma_5881_jpg.rf.6e7f9e56f40ac6ae7a558036d181ceb3.jpg, 0, 1
melanoma_5787_jpg.rf.6eb7c9fc9501f62040114455a1c9a2e4.jpg, 0, 1
melanoma_5807_jpg.rf.6edae44f8fdb5e1e34ffc728acd705fb.jpg, 0, 1
melanoma_138_jpg.rf.6ec1cdbf5b0770bc236b83a3c03d80f9.jpg, 1, 0
melanoma_5683_jpg.rf.6f177f81082c55a0ce2c7e61e2011fab.jpg, 0, 1
melanoma_226_jpg.rf.6ec5e7b303a079351689a0620e839a20.jpg, 1, 0
melanoma_5112_jpg.rf.6f1e5dcd3c7e4397e5ef3ac0f01ecffc.jpg, 0, 1
melanoma_5895_jpg.rf.6f1d8a4c063f845e705c1fd578b01730.jpg, 0, 1
melanoma_659_jpg.rf.6f178b1c14b1654957980eb3c86c7f2a.jpg, 1, 0
melanoma_5203_jpg.rf.6fe25f62b899f24e4a42f2f972cd6541.jpg, 0, 1
melanoma_5898_jpg.rf.6f85eb69f625502f82a8548a183c96a3.jpg, 0, 1
melanoma_923_jpg.rf.6fecdaefec8bcce6d9cd60fbc73f753f.jpg, 1, 0
melanoma_728_jpg.rf.7039cb1c28144c0bf942ac46871b1bba.jpg, 1, 0
melanoma_775_jpg.rf.6f21a0f98452f325daff06b8c138de6d.jpg, 1, 0
melanoma_5488_jpg.rf.70403e2f855880857abae2914d6f5b67.jpg, 0, 1
melanoma_5856_jpg.rf.707255975425ba77024feb86a3acae1e.jpg, 0, 1
melanoma_5224_jpg.rf.70448ee5f9414baa1de9c51bb8760c76.jpg, 0, 1
melanoma_5625_jpg.rf.70480eaa2fea55a0c139b3e6ce7d3b69.jpg, 0, 1
melanoma_601_jpg.rf.70f09e93f192d7055e3a7b7a8d8163ef.jpg, 1, 0
melanoma_812_jpg.rf.707eed24cb1419313f8711ff51010b4f.jpg, 1, 0
melanoma_5613_jpg.rf.70bdde16634ba90bb5b8b1a5e66ba135.jpg, 0, 1
melanoma_804_jpg.rf.718a15d750cd8b71581b14b1f3330700.jpg, 1, 0
melanoma_5742_jpg.rf.718a2471af803cc4c6f03489b87ed475.jpg, 0, 1
melanoma_456_jpg.rf.71c4d3674c2df10e690f4ee515de0689.jpg, 1, 0
melanoma_938_jpg.rf.71f0736e93d6f91347112c0b445b9aea.jpg, 1, 0
melanoma_986_jpg.rf.7268741af51a5ba3fbe957359abaace5.jpg, 1, 0
melanoma_5218_jpg.rf.72431b0bf8c76d8078dd1812e0c453ec.jpg, 0, 1
melanoma_5545_jpg.rf.72032a58d5d7bfbd491d7771f0b010db.jpg, 0, 1
melanoma_5121_jpg.rf.7261a0442b8efce0ef6543d62a94009b.jpg, 0, 1
melanoma_109_jpg.rf.71e9b88f4de8962e0a07107e6580de58.jpg, 1, 0
melanoma_467_jpg.rf.727f695e260ccdb0a433ce51d52bd7ab.jpg, 1, 0
melanoma_5691_jpg.rf.72e0705b305823d2a5de07ed2984ce8f.jpg, 0, 1
melanoma_5388_jpg.rf.729b327623eefefd2e1c87106af3c59d.jpg, 0, 1
melanoma_16_jpg.rf.726996c0d11de82f35453613d6ea314e.jpg, 1, 0
melanoma_5271_jpg.rf.73ab54ce7ff9b130d70e11f8997d6019.jpg, 0, 1
melanoma_5992_jpg.rf.73b41750fe913728d64d33629f1734e6.jpg, 0, 1
melanoma_546_jpg.rf.736d893e4c94dfa071d18ed12fb2a76b.jpg, 1, 0
melanoma_104_jpg.rf.73f49e31ffc7f002dcb8dfab8000d5b6.jpg, 1, 0
melanoma_435_jpg.rf.74b98a5dcd770c0cdcd87cb9129bc742.jpg, 1, 0
melanoma_453_jpg.rf.7471a846d42cc55c56257628cd0de979.jpg, 1, 0
melanoma_5170_jpg.rf.7444a1cb12089da4889e89c115787dd2.jpg, 0, 1
melanoma_5095_jpg.rf.743b6b6532b67c51b5c7b7ec3cb1a94d.jpg, 0, 1
melanoma_592_jpg.rf.74c18b235209557f547b1aeee07f8e93.jpg, 1, 0
melanoma_647_jpg.rf.755a5c4ab1fea47229d662a3827e617f.jpg, 1, 0
melanoma_35_jpg.rf.75454d626c6e39b28bd521db5f86bdbf.jpg, 1, 0
melanoma_5421_jpg.rf.74ec6be2fab0f245f6702dcf15779620.jpg, 0, 1
melanoma_5934_jpg.rf.759083e940f3dd7dfd298d7f7c5ccacd.jpg, 0, 1
melanoma_304_jpg.rf.76136ef04b911c2fecd0f9ea92857379.jpg, 1, 0
melanoma_515_jpg.rf.75a7fe38b6da987a6d748b09cbd289ff.jpg, 1, 0
melanoma_122_jpg.rf.767157db02f40467a0a0b2ea6f8e1842.jpg, 1, 0
melanoma_5078_jpg.rf.767ba1b5d0630c3c5a9c7b329bd416b7.jpg, 0, 1
melanoma_5598_jpg.rf.75ad399b8b584fa6fb4eb431b3a2e3a3.jpg, 0, 1
melanoma_594_jpg.rf.7720f7fa02d2ccee5000c460a0bdde97.jpg, 1, 0
melanoma_5307_jpg.rf.76571daf61750f446cf80008d5fe609f.jpg, 0, 1
melanoma_915_jpg.rf.7622061351a1f3257878f16a02437a19.jpg, 1, 0
melanoma_81_jpg.rf.772238bc9cf619b6fb97fe97f4673f50.jpg, 1, 0
melanoma_5604_jpg.rf.7722bd867d0530c83abdf48484d14f01.jpg, 0, 1
melanoma_283_jpg.rf.7761315e1b4f4c86b760236fbff77dcd.jpg, 1, 0
melanoma_666_jpg.rf.76a6173c15ef2298f2a749abcdd7ec00.jpg, 1, 0
melanoma_5385_jpg.rf.777558a61c5cb3fe276a7fe0b2b52822.jpg, 0, 1
melanoma_669_jpg.rf.776d4c681eba669de5666e80799f49e0.jpg, 1, 0
melanoma_757_jpg.rf.779334cbbb10abc033b8641e34fbda54.jpg, 1, 0
melanoma_5337_jpg.rf.772a520a2f73fee7b3ee1b5550d6a508.jpg, 0, 1
melanoma_5967_jpg.rf.77a53aa74de0fba0375e834cf5661c4f.jpg, 0, 1
melanoma_5357_jpg.rf.77c48c12501cddb1c4eb75422fda2020.jpg, 0, 1
melanoma_237_jpg.rf.77ded06aa74676e388cd18cabfc7b8d2.jpg, 1, 0
melanoma_983_jpg.rf.77f000873cde5d2d67b704199dee79c7.jpg, 1, 0
melanoma_5827_jpg.rf.782913192967b71fb3dd57af4bda461f.jpg, 0, 1
melanoma_727_jpg.rf.784ede0c754b56cd8aa0acc0922482b5.jpg, 1, 0
melanoma_5823_jpg.rf.779272bad1037363f57a411cdcaa5024.jpg, 0, 1
melanoma_618_jpg.rf.78a96a7d54d19e512f186cfddb093a1a.jpg, 1, 0
melanoma_120_jpg.rf.7944bd2dfb2b012aff1783d050da8b45.jpg, 1, 0
melanoma_20_jpg.rf.790d0ccbc381a50cda2b390e3131e611.jpg, 1, 0
melanoma_729_jpg.rf.79dc7869ca9aa6085874abee8f6f4026.jpg, 1, 0
melanoma_5227_jpg.rf.7a9801500f8eea04f5293d3d10e73310.jpg, 0, 1
melanoma_496_jpg.rf.7980d1cb02f7a4d68216639c22feaeeb.jpg, 1, 0
melanoma_5312_jpg.rf.7a5212ef08ae37bd12034e1962ac5a20.jpg, 0, 1
melanoma_5004_jpg.rf.7a5ba25a44ff9be0e75913d5963d75b7.jpg, 0, 1
melanoma_702_jpg.rf.7ab54c67d9ec71958947e77e267478a0.jpg, 1, 0
melanoma_88_jpg.rf.7c22aee3bad6072adbd098284bef60cb.jpg, 1, 0
melanoma_5573_jpg.rf.7bb9561ffb0ba0b217412a65b6a1afc6.jpg, 0, 1
melanoma_5725_jpg.rf.7b06e8f05c1b15ea1b6f2796769b2533.jpg, 0, 1
melanoma_74_jpg.rf.7cbb602c36aad6aec7706c569034f5cc.jpg, 1, 0
melanoma_5833_jpg.rf.7d185eee02c3ea8df93358c18c52bf16.jpg, 0, 1
melanoma_5561_jpg.rf.7ce40a0586f1db14e31f71fb0e9d6ad3.jpg, 0, 1
melanoma_5989_jpg.rf.7d8ff42bc9427ff99831471ecc50850b.jpg, 0, 1
melanoma_447_jpg.rf.7d77ccbd61c617df08fc7ce9fcaf08ab.jpg, 1, 0
melanoma_5790_jpg.rf.7cdea4b53f9d303020140e9db121f202.jpg, 0, 1
melanoma_5711_jpg.rf.7d95a2a18af0071f7b27a4826633763c.jpg, 0, 1
melanoma_443_jpg.rf.7e2987c67689d91ddf083abaf3cc187d.jpg, 1, 0
melanoma_5676_jpg.rf.7f6e35a5720f0ada6c1df3c6b30be209.jpg, 0, 1
melanoma_706_jpg.rf.7ee437b857d7cfd68515963ca48730f6.jpg, 1, 0
melanoma_5954_jpg.rf.7f936f4d986f4380e46fe94abaff0bbb.jpg, 0, 1
melanoma_709_jpg.rf.7f8d416483447b683e1060fb869111dc.jpg, 1, 0
melanoma_388_jpg.rf.805bc57ef2728031df047e83d77795cf.jpg, 1, 0
melanoma_5938_jpg.rf.80b7866e73c77018c0b093b4c007d6b6.jpg, 0, 1
melanoma_5543_jpg.rf.80c1e372b26c4bf7382f548ed6f53157.jpg, 0, 1
melanoma_5610_jpg.rf.80c7065271033d6f00bca0e5eb95a52b.jpg, 0, 1
melanoma_5915_jpg.rf.80c4dde78c42f6128151828408abb957.jpg, 0, 1
melanoma_344_jpg.rf.81814d9d4e026dbf936bf9f5048d398d.jpg, 1, 0
melanoma_998_jpg.rf.7fd3dcd98b2c4ac7fd40ea71aa833ef6.jpg, 1, 0
melanoma_522_jpg.rf.809205361119b7682635cb5566b20d7c.jpg, 1, 0
melanoma_5261_jpg.rf.81f186e9fc7f2f107a358df7452e52c5.jpg, 0, 1
melanoma_5298_jpg.rf.8122547853bea3a88b991b60614216eb.jpg, 0, 1
melanoma_5663_jpg.rf.80f2c4203fe8ae3c7fdd56f41e331e8d.jpg, 0, 1
melanoma_160_jpg.rf.81579ff1947ab8fa3849fa5a89dba39f.jpg, 1, 0
melanoma_5469_jpg.rf.820a6d0966447365a4854af259c2e219.jpg, 0, 1
melanoma_5380_jpg.rf.826c0c850e5f66b8e6e2c75a42657d89.jpg, 0, 1
melanoma_5664_jpg.rf.82771b9bf288cee7d7c44bf3f92f0ab3.jpg, 0, 1
melanoma_5256_jpg.rf.83163fca1bdad27ff446120966969ed4.jpg, 0, 1
melanoma_831_jpg.rf.824a37bf14d0db1bf5c5a75d3749ca07.jpg, 1, 0
melanoma_869_jpg.rf.833bdef86c09c5940fb0594178212992.jpg, 1, 0
melanoma_255_jpg.rf.83675f7a75759d2e7907486587c5454f.jpg, 1, 0
melanoma_445_jpg.rf.82d6cb1f15dae5917533bd7e52286a03.jpg, 1, 0
melanoma_5910_jpg.rf.834fc003560cde3e3d94a4567c978cb4.jpg, 0, 1
melanoma_369_jpg.rf.828f8b5a84f2d86c5f7bd06c7b03fd0d.jpg, 1, 0
melanoma_5549_jpg.rf.83ba0d5f6242c8e1a691e63398b20ee6.jpg, 0, 1
melanoma_57_jpg.rf.846b9a9223fcb743cd2f7ed2b375eff6.jpg, 1, 0
melanoma_979_jpg.rf.849deeedfdede1369aaa7aad4e4f8986.jpg, 1, 0
melanoma_4_jpg.rf.8293012e5b6cd0e57edf98d2f521dfd4.jpg, 1, 0
melanoma_5147_jpg.rf.844d62384da2e3066072b2475f06730c.jpg, 0, 1
melanoma_829_jpg.rf.84abc810314978ce3be940a72bc40ee3.jpg, 1, 0
melanoma_5844_jpg.rf.848368a835919817e53ef55f898d93b0.jpg, 0, 1
melanoma_234_jpg.rf.84cb6b80cff4fab122d9558f6cc770df.jpg, 1, 0
melanoma_127_jpg.rf.8514991047ad48276745cad620ded946.jpg, 1, 0
melanoma_6006_jpg.rf.8521bdafffc0033e9995fbe28198fbff.jpg, 0, 1
melanoma_5278_jpg.rf.853bd46d66646337e2d239996ca55aca.jpg, 0, 1
melanoma_5857_jpg.rf.85bd66de119f305803a565851b9796df.jpg, 0, 1
melanoma_6025_jpg.rf.85fa4885549364062fc73e1f1787fba7.jpg, 0, 1
melanoma_59_jpg.rf.84ed298f373092360930bc624114853a.jpg, 1, 0
melanoma_5467_jpg.rf.8626f95d67b9f0ed5b01327873477f8e.jpg, 0, 1
melanoma_5533_jpg.rf.8637621bf07e68f59cc041505cfee713.jpg, 0, 1
melanoma_5383_jpg.rf.84e498b0ef50a5ef64a3e4359e4a9cc9.jpg, 0, 1
melanoma_5632_jpg.rf.875b52bb0cb6600e9045fa63594c4fc6.jpg, 0, 1
melanoma_5803_jpg.rf.86be6e9ea21cf13fa197e5994f8612b3.jpg, 0, 1
melanoma_5785_jpg.rf.87fa49f9f262cae065f4aa1b83d8ec71.jpg, 0, 1
melanoma_5832_jpg.rf.8718d536c31634a9a00f2ed7edf74ba3.jpg, 0, 1
melanoma_5426_jpg.rf.88303b0a8aa986a11597b2c24aae68f5.jpg, 0, 1
melanoma_5242_jpg.rf.887652bb2a3a52c77e55ece687c32b3c.jpg, 0, 1
melanoma_763_jpg.rf.881c40f24575133e773ff2dd608381d5.jpg, 1, 0
melanoma_719_jpg.rf.889a9f514c6108872febefbfe812c516.jpg, 1, 0
melanoma_962_jpg.rf.880d94c78313fe1302e8ee8ea79c3bc4.jpg, 1, 0
melanoma_5311_jpg.rf.88a36f7fd852bfda4cb3fc99c7a71d2a.jpg, 0, 1
melanoma_5150_jpg.rf.88cbaa47266744407f0f214b8f83eaa1.jpg, 0, 1
melanoma_5173_jpg.rf.88e7973b934cecb645fbdcf346642dd8.jpg, 0, 1
melanoma_5507_jpg.rf.88e5e98c6e9309f3e3cc842cba4b335d.jpg, 0, 1
melanoma_5919_jpg.rf.88fdfc689d1567467ee51199f8f9821a.jpg, 0, 1
melanoma_607_jpg.rf.88cabff049cc37b3c28f8aae5ed162be.jpg, 1, 0
melanoma_5540_jpg.rf.897184b1691f7429abe640fc2b10ef14.jpg, 0, 1
melanoma_481_jpg.rf.89c1dc31fb093e9d062e678b25a75d54.jpg, 1, 0
melanoma_5500_jpg.rf.8910840a2bdbe0366a291c08e489af4c.jpg, 0, 1
melanoma_524_jpg.rf.89e01568ca865810a92239f9fabcec30.jpg, 1, 0
melanoma_5343_jpg.rf.8a25dbc70e10da99796b7303fb2c37d5.jpg, 0, 1
melanoma_15_jpg.rf.8a60cedc46fe5543cbb57d82876a6693.jpg, 1, 0
melanoma_773_jpg.rf.898dbf83ef8b7093ac87f301e77cf0b2.jpg, 1, 0
melanoma_466_jpg.rf.8a39f62c9487052fc20fca2f27670e66.jpg, 1, 0
melanoma_5517_jpg.rf.8a575342505a4efd41b7f11d6216b7e3.jpg, 0, 1
melanoma_5241_jpg.rf.89fd3a4560a995b5580957afc1a4380b.jpg, 0, 1
melanoma_506_jpg.rf.8aa3aa838697f33b6b6a2dc04e8b1881.jpg, 1, 0
melanoma_929_jpg.rf.8a82a683a53f16c369f69ec85f34f079.jpg, 1, 0
melanoma_231_jpg.rf.8b0d04060c64a90baf6a509054742430.jpg, 1, 0
melanoma_741_jpg.rf.8b3013ab11af81cd6424ba8d4325d1f6.jpg, 1, 0
melanoma_5055_jpg.rf.8add360dfc4afe0ac7f12863da75e1c9.jpg, 0, 1
melanoma_5532_jpg.rf.8bad94cde44450d28cc8a24162ad281b.jpg, 0, 1
melanoma_774_jpg.rf.8b34d70bbac29940c1ccc09ac53aff05.jpg, 1, 0
melanoma_5108_jpg.rf.8c0fa3c3eb2a9133f45ac15355922fb2.jpg, 0, 1
melanoma_316_jpg.rf.8c44cc3520f949723bf396e1f1a53036.jpg, 1, 0
melanoma_5980_jpg.rf.8c2b81eb154921881e7809836595fea8.jpg, 0, 1
melanoma_244_jpg.rf.8c9a20dd55330a9f23b74d59e92fcd07.jpg, 1, 0
melanoma_5022_jpg.rf.8d77eb3be10bf0d6cb92abdeaba798ab.jpg, 0, 1
melanoma_503_jpg.rf.8d63369345f694462fcefb73a0c7961d.jpg, 1, 0
melanoma_993_jpg.rf.8ded45e1f8c714869f8065219a802002.jpg, 1, 0
melanoma_288_jpg.rf.8e36a7d0eeb6395af9599c52b55ee26d.jpg, 1, 0
melanoma_5801_jpg.rf.8d1a8fe1595ba892d805980839e7e1b2.jpg, 0, 1
melanoma_463_jpg.rf.8bf29b6e6ce5b782fd664fc183f2f0f0.jpg, 1, 0
melanoma_5060_jpg.rf.8e2403102a09657804522399ec27bb80.jpg, 0, 1
melanoma_5968_jpg.rf.8e5a94c001b324550ae0ba6d998ebc3b.jpg, 0, 1
melanoma_5552_jpg.rf.8ecad3a2ff2c99ab697e5ae3bf67fadd.jpg, 0, 1
melanoma_5635_jpg.rf.8ebe824ab9ad7608ff45bda44b013484.jpg, 0, 1
melanoma_150_jpg.rf.8ee7ff9b57e999ae151a8743f5afbf26.jpg, 1, 0
melanoma_205_jpg.rf.8f366389609b3edc6736592aee9a5301.jpg, 1, 0
melanoma_985_jpg.rf.8e6328e76584acb13aac9f99dd986b53.jpg, 1, 0
melanoma_177_jpg.rf.8ee96d25bc570306eadc79284635bc2f.jpg, 1, 0
melanoma_858_jpg.rf.8f5a74aebe4ff5a5035d28e90a1d7e2e.jpg, 1, 0
melanoma_422_jpg.rf.8f3d9d723b1457cb494b4ff19ae64975.jpg, 1, 0
melanoma_5405_jpg.rf.8ec47742e19100e7a64eec128683027f.jpg, 0, 1
melanoma_5622_jpg.rf.8f7ad37bb3729535efa6b44049be3a6e.jpg, 0, 1
melanoma_254_jpg.rf.8f89af6d6a921443370290160c96cdb5.jpg, 1, 0
melanoma_5030_jpg.rf.8fa0271ca72cd2f038529e1548e05e59.jpg, 0, 1
melanoma_5255_jpg.rf.8fc11a5fc13fc9830a278ac5e2278de1.jpg, 0, 1
melanoma_912_jpg.rf.901bc58f81d6a506a79469b7163f2ad5.jpg, 1, 0
melanoma_893_jpg.rf.901795545e4f2ceae2a7a97bec72df42.jpg, 1, 0
melanoma_121_jpg.rf.90b94960c29df94a622ec48ca3cdb1c8.jpg, 1, 0
melanoma_5354_jpg.rf.90db698286f863bc5c0e82a344e3246f.jpg, 0, 1
melanoma_521_jpg.rf.904a0e99a9014306f4fd91e718683214.jpg, 1, 0
melanoma_5806_jpg.rf.907d72658383410006e0371c1f453ca7.jpg, 0, 1
melanoma_372_jpg.rf.913406f571e5422c827713a53eaaffa2.jpg, 1, 0
melanoma_331_jpg.rf.91365389100845cb3ce7466bb1aa4f74.jpg, 1, 0
melanoma_5514_jpg.rf.915c30a2d585e4ef5436383f4f570efb.jpg, 0, 1
melanoma_5427_jpg.rf.90dd019400b5868f8cd4de9fa0c49b88.jpg, 0, 1
melanoma_1018_jpg.rf.9163718579e08f03c96a59bcea6cf133.jpg, 1, 0
melanoma_505_jpg.rf.91911b284f48fbd97d861ea4339fad73.jpg, 1, 0
melanoma_497_jpg.rf.92af3407f69d48708b71840ca284ac66.jpg, 1, 0
melanoma_377_jpg.rf.92399b43eb54b3688ad2ae70de521f3d.jpg, 1, 0
melanoma_314_jpg.rf.92b206e7390bfec16efbfc070bc0dff2.jpg, 1, 0
melanoma_5099_jpg.rf.9313f0a02e649a002c830ae2ab50191c.jpg, 0, 1
melanoma_5932_jpg.rf.932b3cf749dc6d247b80f267301c8dc3.jpg, 0, 1
melanoma_5155_jpg.rf.934e5278922077ec7632edf23b74e3ea.jpg, 0, 1
melanoma_5550_jpg.rf.93f43a6dac5a3619dfd3162eac8e3dbb.jpg, 0, 1
melanoma_52_jpg.rf.93feb9cf3d6c0cdd6c237adf2dbeee5b.jpg, 1, 0
melanoma_936_jpg.rf.933a9c57d15dc94ae611ce92a6e48aa8.jpg, 1, 0
melanoma_284_jpg.rf.93f52f04563e490f94719b5780f752ba.jpg, 1, 0
melanoma_5707_jpg.rf.92b5c8f1686470d9759e56eacb73f87b.jpg, 0, 1
melanoma_5491_jpg.rf.9400f7ec59e479532c62be864daf1e5b.jpg, 0, 1
melanoma_413_jpg.rf.93d9dc0ceaf9f8bb0b9d29f0a7fae47f.jpg, 1, 0
melanoma_767_jpg.rf.948d208ce58067db69bd4c913f68398a.jpg, 1, 0
melanoma_850_jpg.rf.94246a0108105ef24e2fd8f07622c0c7.jpg, 1, 0
melanoma_742_jpg.rf.9418c6ae509d74e8cb145075d4fd1f27.jpg, 1, 0
melanoma_530_jpg.rf.00d6738095c1cf6ea97ef4f4bee764fd.jpg, 1, 0
melanoma_39_jpg.rf.01123aeaff54f894cb532a2b01ef8f4f.jpg, 1, 0
melanoma_559_jpg.rf.00c734cf603750e893b885317496a3a8.jpg, 1, 0
melanoma_5493_jpg.rf.0046cd877b44ac6dcfe5b76625024912.jpg, 0, 1
melanoma_215_jpg.rf.0169dd8628456947a189abbe6883e08a.jpg, 1, 0
melanoma_5925_jpg.rf.00d7d49fb13cc2096e0423eda7e711da.jpg, 0, 1
melanoma_9_jpg.rf.0182fb535bb9138f6cc0277bd8ac36b0.jpg, 1, 0
melanoma_190_jpg.rf.01be5d78dffdb3ef7b72062eb9d0eae8.jpg, 1, 0
melanoma_5208_jpg.rf.0218abead776afadc68008c3b6ff686c.jpg, 0, 1
melanoma_364_jpg.rf.01d1e0b35358eb499627ee38fca83ca4.jpg, 1, 0
melanoma_477_jpg.rf.02190c72438052fa92d432fd1d1a5c66.jpg, 1, 0
melanoma_5924_jpg.rf.0344992c0bddd63b829b42c71db55aa3.jpg, 0, 1
melanoma_5960_jpg.rf.0307547ee282773f36f6f32c4895b71c.jpg, 0, 1
melanoma_36_jpg.rf.03c6652b1e96dddf1fc6f68a2a0f0bd1.jpg, 1, 0
melanoma_333_jpg.rf.028fc38f4876258a39d4d0add229a026.jpg, 1, 0
melanoma_916_jpg.rf.02f41295300c3dac2b00d9cefb91f512.jpg, 1, 0
melanoma_378_jpg.rf.02b2742aa59e988b359d437d92796be0.jpg, 1, 0
melanoma_5464_jpg.rf.04603b2d213a746d5d3b749bc7ef1202.jpg, 0, 1
melanoma_5734_jpg.rf.04cc81b18b3fe9a634cd6c108db82268.jpg, 0, 1
melanoma_168_jpg.rf.04fb73a678ba329de0812f7d10b96b5d.jpg, 1, 0
melanoma_5084_jpg.rf.0501bb901159e707995444e96f27faa2.jpg, 0, 1
melanoma_5369_jpg.rf.042e30b79fa56d2001b01e4ea61f0e14.jpg, 0, 1
melanoma_5862_jpg.rf.05582b0172a739eee6b7ac07b93f032d.jpg, 0, 1
melanoma_62_jpg.rf.0569b87c77c0d3d598810f823878943c.jpg, 1, 0
melanoma_5704_jpg.rf.05bafecac4e535bb03f50183ce998d2b.jpg, 0, 1
melanoma_682_jpg.rf.05b9c1abd07b54e993f9054f429b8acc.jpg, 1, 0
melanoma_963_jpg.rf.051dcaa23941e758ebfcc8ba633f7cd4.jpg, 1, 0
melanoma_296_jpg.rf.05875719ffc0b824500e63d1fa8fdfce.jpg, 1, 0
melanoma_5916_jpg.rf.046bcddc18bcf8a8f1f498fad2b66977.jpg, 0, 1
melanoma_129_jpg.rf.05f7b8856c6fe2dbb53a5a7df6228e64.jpg, 1, 0
melanoma_5061_jpg.rf.05f367087d37db4e36424bc057c28c9f.jpg, 0, 1
melanoma_551_jpg.rf.06371e8df1beac201d6a5333506f205c.jpg, 1, 0
melanoma_643_jpg.rf.069b1a65b48dcfcac640fa4920a39b00.jpg, 1, 0
melanoma_5951_jpg.rf.063070bdcc69373db80bc558700cf006.jpg, 0, 1
melanoma_691_jpg.rf.06e741a80180d97feb11beedf52019f1.jpg, 1, 0
melanoma_301_jpg.rf.073c35753771457b719a98cc2092f194.jpg, 1, 0
melanoma_5479_jpg.rf.07b729a66704c04af0084b140619c68d.jpg, 0, 1
melanoma_383_jpg.rf.071ad4422a273a7834c73eed99fe5fdc.jpg, 1, 0
melanoma_44_jpg.rf.0625fd266d6dae7b7501f42dae25f882.jpg, 1, 0
melanoma_352_jpg.rf.0708d92ffdf694147041333a7c0188a6.jpg, 1, 0
melanoma_547_jpg.rf.088fe8388a07b5afc68e186b40ce43e9.jpg, 1, 0
melanoma_695_jpg.rf.07bbdf9bd61cae3f7b472f3730936aac.jpg, 1, 0
melanoma_5759_jpg.rf.0818f5c6fbca3cc0cdb80c1d98fc0d78.jpg, 0, 1
melanoma_698_jpg.rf.07ca715c3c956e1efaae52015c1f3297.jpg, 1, 0
melanoma_30_jpg.rf.08f71f77604a12d8d7c74c1710d626df.jpg, 1, 0
melanoma_5159_jpg.rf.090069a0f00c9d1100506c840a96c3ab.jpg, 0, 1
melanoma_5592_jpg.rf.09516f1778fb19a6954dfe5108671a34.jpg, 0, 1
melanoma_5634_jpg.rf.0910e60b9375ada7768ebe24fe08ae03.jpg, 0, 1
melanoma_312_jpg.rf.09192fc80fa1fa18aa42b17388a7dac1.jpg, 1, 0
melanoma_260_jpg.rf.08493daa532883ad29231c7467d572a5.jpg, 1, 0
melanoma_5885_jpg.rf.099e8aa52ddd8e50b45685e95d1a9b15.jpg, 0, 1
melanoma_5233_jpg.rf.09ba060cbedf0edeb3f0ab7da6c87a78.jpg, 0, 1
melanoma_342_jpg.rf.3cb383c453388fbe068324eba6137a97.jpg, 1, 0
melanoma_5830_jpg.rf.3c91eb37e296d6c99692428f772df611.jpg, 0, 1
melanoma_86_jpg.rf.3d3fb0de8c275b81e0e736ad14a93267.jpg, 1, 0
melanoma_5738_jpg.rf.40b0791065c21ab19128fc65cb002e37.jpg, 0, 1
melanoma_5477_jpg.rf.3c837619b0f92bc2500c0a8f1e7d93e4.jpg, 0, 1
melanoma_5420_jpg.rf.4044b4c8d94e64d9e130a02cb88c0c10.jpg, 0, 1
melanoma_5183_jpg.rf.3f0b670da325db6ef4c087d8946a5894.jpg, 0, 1
melanoma_76_jpg.rf.412c3a90c897bc157a8354cb92fafc50.jpg, 1, 0
melanoma_89_jpg.rf.4120263d9a70274ff5a2136c8ae84134.jpg, 1, 0
melanoma_451_jpg.rf.3e08ace54142c2bb3195373599856b08.jpg, 1, 0
melanoma_5018_jpg.rf.3e57a1ed28363491fff2072a0e6df9ba.jpg, 0, 1
melanoma_977_jpg.rf.3f7a00f35992212c0238f2d4616cfee4.jpg, 1, 0
melanoma_5941_jpg.rf.3c84fd0247eaf5255b5925d524430e41.jpg, 0, 1
melanoma_72_jpg.rf.40faf1224d9dd916d9b1ceada31cb556.jpg, 1, 0
melanoma_5398_jpg.rf.3f884e91b79e9073afdf9d58df71df19.jpg, 0, 1
melanoma_5888_jpg.rf.3f187619d30157df7c20076b776015e0.jpg, 0, 1
melanoma_277_jpg.rf.3db87e330df26947078cbd253d325491.jpg, 1, 0
melanoma_204_jpg.rf.3da074d2060c122b718593f1c0c123f6.jpg, 1, 0
melanoma_5051_jpg.rf.41c0b9ab312867ff94d8b7a53872d309.jpg, 0, 1
melanoma_310_jpg.rf.3dd86cf067b5d20e1fbbadaa26dc4dba.jpg, 1, 0
melanoma_5505_jpg.rf.3f88ac6e718d7aba3a3ce24b22bb0185.jpg, 0, 1
melanoma_5450_jpg.rf.40e29bd2175833baaed0f9223fffc872.jpg, 0, 1
melanoma_83_jpg.rf.40e26431b74c0f1531a82e8cfefb5f0b.jpg, 1, 0
melanoma_765_jpg.rf.3ec0263ab44c4ab3b1ed60374c78e59d.jpg, 1, 0
melanoma_5985_jpg.rf.3f3c76fb8a5840e9e9abb4e2d8a3be11.jpg, 0, 1
melanoma_294_jpg.rf.426087e1b6cec40fed9b62bf99ff6485.jpg, 1, 0
melanoma_544_jpg.rf.430248ec6db9cf166588bab714be02db.jpg, 1, 0
melanoma_5869_jpg.rf.4264c9c17035ece71ddb7cfc9193fc72.jpg, 0, 1
melanoma_145_jpg.rf.429456fe0643ca4fb699b1960386a6da.jpg, 1, 0
melanoma_904_jpg.rf.43056d9209e3578b8108dd88d80f7427.jpg, 1, 0
melanoma_5195_jpg.rf.43478e4b9b39476358c828d234e7d39d.jpg, 0, 1
melanoma_494_jpg.rf.43810d6268299d1d4ac09fb0ef61571e.jpg, 1, 0
melanoma_733_jpg.rf.43da1cd29a92d7b515ac7cb51e55b98a.jpg, 1, 0
melanoma_73_jpg.rf.43ca2df537ac2997bdbe6b1f2a482956.jpg, 1, 0
melanoma_549_jpg.rf.435339c9037da6262f55f52569a58f62.jpg, 1, 0
melanoma_493_jpg.rf.4499c871eaa8ab41e2093e33ab29036e.jpg, 1, 0
melanoma_5333_jpg.rf.44f881e074d7da1ac4e922abbe44956c.jpg, 0, 1
melanoma_472_jpg.rf.443f4075159b4b9927fe0e9e279669b4.jpg, 1, 0
melanoma_5702_jpg.rf.441104af462a3c63ac31562ddcb87a6b.jpg, 0, 1
melanoma_621_jpg.rf.4494af79fa97b02bc19248305b37a87d.jpg, 1, 0
melanoma_819_jpg.rf.44fe2a4413e49a120131126beb42ae03.jpg, 1, 0
melanoma_758_jpg.rf.45244b629dc7612afa00e32584d73faa.jpg, 1, 0
melanoma_746_jpg.rf.453debb2b613baefee4a3f3b54dcc32f.jpg, 1, 0
melanoma_82_jpg.rf.455d30592b933bb8f503b010324414f3.jpg, 1, 0
melanoma_5010_jpg.rf.4506864308ddce8487d00ec2a0397b80.jpg, 0, 1
melanoma_200_jpg.rf.45b4d1e62985ec14afa38313df93d3b0.jpg, 1, 0
melanoma_230_jpg.rf.45e2c89e3e9cea2d97c4fd205975609c.jpg, 1, 0
melanoma_5417_jpg.rf.460640265501aeaf146a3b482ba1998d.jpg, 0, 1
melanoma_636_jpg.rf.46578cf5b8b71794a457f4fafbc47919.jpg, 1, 0
melanoma_157_jpg.rf.46293d8cfbfe3e8d74a8bc05a09f2229.jpg, 1, 0
melanoma_23_jpg.rf.46a982ee4872e93a0fe86585205a31ae.jpg, 1, 0
melanoma_5559_jpg.rf.46cd2c108777aa8e7af2a571a099b786.jpg, 0, 1
melanoma_714_jpg.rf.46b179695d02975fc1ef64eb27acbd88.jpg, 1, 0
melanoma_899_jpg.rf.46c50953b3b41617362fa21aa8e16d5a.jpg, 1, 0
melanoma_701_jpg.rf.46e874be9adfca035fecbdbb883169ac.jpg, 1, 0
melanoma_5332_jpg.rf.47710a46be8c5aef5e258e88f5b248d6.jpg, 0, 1
melanoma_5065_jpg.rf.47a8b21371e4326c13379b1485b23302.jpg, 0, 1
melanoma_1021_jpg.rf.47852d8d799e9da78541a257e768a256.jpg, 1, 0
melanoma_652_jpg.rf.47b12daa3edcd9defd3c70500bff51ce.jpg, 1, 0
melanoma_895_jpg.rf.48261207823cdbb7d296f7a72720d5f4.jpg, 1, 0
melanoma_5126_jpg.rf.480f18dc4d9a97df0285440a382fdb9f.jpg, 0, 1
melanoma_526_jpg.rf.48adb3c0cacb83c33d7233a7f4362994.jpg, 1, 0
melanoma_384_jpg.rf.485ed16635c57455b01e67b692112e90.jpg, 1, 0
melanoma_538_jpg.rf.48b089c34889c18aa8dc5c69b4655558.jpg, 1, 0
melanoma_5539_jpg.rf.482f18e3e6e9317d64e5867be7c8577a.jpg, 0, 1
melanoma_5756_jpg.rf.48ccfc04482355c5d4ff5e7c67f308d8.jpg, 0, 1
melanoma_952_jpg.rf.49488439fcae0e578251337351e27432.jpg, 1, 0
melanoma_96_jpg.rf.48f999629d1b241c14b3399a9e2a7ff4.jpg, 1, 0
melanoma_213_jpg.rf.4950b2e611928b13499a771ea72ee002.jpg, 1, 0
melanoma_5375_jpg.rf.498b40f19f0a78cb9015d754509b9165.jpg, 0, 1
melanoma_925_jpg.rf.49b0d8e264fbc2d98e6f242ece07b4b3.jpg, 1, 0
melanoma_5344_jpg.rf.4970f5771574357006a2bdcb2dc22a13.jpg, 0, 1
melanoma_510_jpg.rf.493d19deb4c69733d44fcf6a52ae0291.jpg, 1, 0
melanoma_957_jpg.rf.49e3c5d4a94c2db43a9833777797bec9.jpg, 1, 0
melanoma_632_jpg.rf.49bfdf2c9fa2fed7146307e05e87b6c5.jpg, 1, 0
melanoma_650_jpg.rf.4a0ccc250d31f27e0856738fc33209a0.jpg, 1, 0
melanoma_660_jpg.rf.4a25282ad8a7d3dd13bf90583bb226d9.jpg, 1, 0
melanoma_5808_jpg.rf.4a49473fbab49571032f22a07f71dfb3.jpg, 0, 1
melanoma_968_jpg.rf.4a57e497053ade639322eb586c8d83cc.jpg, 1, 0
melanoma_46_jpg.rf.4a85b6b926f46d52d7b1054827660b32.jpg, 1, 0
melanoma_5023_jpg.rf.4b3df6892ffd9db0c3d0540819b54c77.jpg, 0, 1
melanoma_5185_jpg.rf.4b7f51d7c04c9f3234ec0c419e9b01f2.jpg, 0, 1
melanoma_5214_jpg.rf.4b5b783b840d0ebe5c07d9a2b4e9c2b4.jpg, 0, 1
melanoma_5641_jpg.rf.4bdec0b38a535adf9ba42c8e0956126c.jpg, 0, 1
melanoma_5681_jpg.rf.4c35f5d1469b944f50e24a8adcbd237c.jpg, 0, 1
melanoma_5961_jpg.rf.4c93f711bf17cb0739cba50d149da638.jpg, 0, 1
melanoma_970_jpg.rf.4c66d595a519f4d42a9c8a197d5e29b8.jpg, 1, 0
melanoma_5498_jpg.rf.4d72c4391a9aa268fa029ac6cb5e8d9b.jpg, 0, 1
melanoma_739_jpg.rf.4d8a2d93fb337b35406af0ed33d38177.jpg, 1, 0
melanoma_5878_jpg.rf.4dc8d625c0950f25fb9e1202f795cecf.jpg, 0, 1
melanoma_5122_jpg.rf.4e420c267c65fa3593a10d825c432038.jpg, 0, 1
melanoma_743_jpg.rf.4de1f54931ace60a68d94db66f2f8da0.jpg, 1, 0
melanoma_103_jpg.rf.4d3108aeba0872dd6688fd1f7f1f8faf.jpg, 1, 0
melanoma_270_jpg.rf.4ddfc6069fa78cd3a38d7a86b18eea64.jpg, 1, 0
melanoma_5494_jpg.rf.4e445c64e833685ac5eee736c07fc630.jpg, 0, 1
melanoma_672_jpg.rf.4d2a8323d4b71d1d72a75b88b0c86800.jpg, 1, 0
melanoma_147_jpg.rf.4e88f783f7fb8f3846852a371408e6c4.jpg, 1, 0
melanoma_240_jpg.rf.4ecc99dfad4630da5c9ebc4b7f568bbc.jpg, 1, 0
melanoma_5563_jpg.rf.4ed26bf50c96ac6a5394b7b903668122.jpg, 0, 1
melanoma_5352_jpg.rf.4f1fcca73351ecee40acbbeea6c12edc.jpg, 0, 1
melanoma_5068_jpg.rf.4f3fc0e27a8af7021ccc9d8922c89ecb.jpg, 0, 1
melanoma_5703_jpg.rf.4ee02edad498e152b4bb125c368355e2.jpg, 0, 1
melanoma_5289_jpg.rf.4f546b37ff7198005dee2d8e961c0f94.jpg, 0, 1
melanoma_529_jpg.rf.4f7abc629a3c3d7fbecaaeb5731f1ff3.jpg, 1, 0
melanoma_339_jpg.rf.4f6f33d933077e16eb289c387eede846.jpg, 1, 0
melanoma_390_jpg.rf.4f85baca6a3378ec847661947f4637dd.jpg, 1, 0
melanoma_5284_jpg.rf.4fca4cb2a3d6fcfae1280f851ec0657f.jpg, 0, 1
melanoma_5190_jpg.rf.4fffb0bcedf2e73d8ccb2cdef72efc5b.jpg, 0, 1
melanoma_5425_jpg.rf.50195bb88e8e2d61190bb41627004c09.jpg, 0, 1
melanoma_474_jpg.rf.4fc96d220dba89ba182c632477a2a645.jpg, 1, 0
melanoma_5239_jpg.rf.4ef76932301a967828a461c8bc51ae0c.jpg, 0, 1
melanoma_5678_jpg.rf.4ff641d0a8793e003e91fd8558e1124b.jpg, 0, 1
melanoma_792_jpg.rf.5029f5294d375c07044cddeefc7b6b8a.jpg, 1, 0
melanoma_574_jpg.rf.504b1e8350b9bca01d1c43862850e4a6.jpg, 1, 0
melanoma_5520_jpg.rf.5059720523e32c7e73c8ab3111baa090.jpg, 0, 1
melanoma_208_jpg.rf.50a04fdb338207333a586cd4a3363d51.jpg, 1, 0
melanoma_586_jpg.rf.507a8a1fdf5453ac518092808009de0f.jpg, 1, 0
melanoma_5949_jpg.rf.5032cb13db42db6786761c22860020e2.jpg, 0, 1
melanoma_5646_jpg.rf.51007d9bc6df3ca22ea837cf7dad74d9.jpg, 0, 1
melanoma_5062_jpg.rf.515a24dbd3a29a79629cccaab0a98795.jpg, 0, 1
melanoma_5279_jpg.rf.50c8720f66c3e86b708688917d45682d.jpg, 0, 1
melanoma_5920_jpg.rf.5157726b8865c72fc19e9b8e42fd5ff4.jpg, 0, 1
melanoma_5448_jpg.rf.515f0aca9f020cd9955936498d843cf6.jpg, 0, 1
melanoma_5452_jpg.rf.51eb73e83f260f062f7f62acb3b3d12a.jpg, 0, 1
melanoma_5376_jpg.rf.51c6373e1df225d6f62760cd4cbe608a.jpg, 0, 1
melanoma_1017_jpg.rf.5200a5731a2bcc0dde2cfcd7ef91b61c.jpg, 1, 0
melanoma_5453_jpg.rf.5239c559d24ac844e2ebd37f07fb97dc.jpg, 0, 1
melanoma_458_jpg.rf.5278aeca26838fb84ec46d76bc38d0d4.jpg, 1, 0
melanoma_290_jpg.rf.5266188df59a7c31a9983e698ee63e57.jpg, 1, 0
melanoma_5744_jpg.rf.51bcc276725aa53121c8ad4fd7eebecf.jpg, 0, 1
melanoma_5181_jpg.rf.52717b3d21a2771ae0100856c778888b.jpg, 0, 1
melanoma_5274_jpg.rf.52b1f5dfd1e03dc39055484dfdfb5f32.jpg, 0, 1
melanoma_5658_jpg.rf.52a373e76cf7090dcd6a680ce3bd45c1.jpg, 0, 1
melanoma_5142_jpg.rf.52b5f7e3d4c730a79deadf4d95f8af84.jpg, 0, 1
melanoma_5845_jpg.rf.52c144e694f094e47fff4135f5e32e8c.jpg, 0, 1
melanoma_805_jpg.rf.52db83d06cefa509fb1eec82a4f03439.jpg, 1, 0
melanoma_5733_jpg.rf.53adeb5f676669fc991230994652e985.jpg, 0, 1
melanoma_32_jpg.rf.533cf92e68f4e60b09f110cfbb3561cc.jpg, 1, 0
melanoma_5273_jpg.rf.53b7e0c00bda2853ec18835ae0f8ed10.jpg, 0, 1
melanoma_5887_jpg.rf.54a9e43caedc1c48a1ce4781e1b21e76.jpg, 0, 1
melanoma_5160_jpg.rf.53cca3d6303b79da0a93166f173b6575.jpg, 0, 1
melanoma_5012_jpg.rf.544f3b265f35d856729fe015c5a9dce7.jpg, 0, 1
melanoma_5783_jpg.rf.53ba8d29b37db7b27364bd85bae21612.jpg, 0, 1
melanoma_43_jpg.rf.54e71acf53e1c253188155cc3bb48bc0.jpg, 1, 0
melanoma_393_jpg.rf.5513ec26eeded419dde6e1dd46a8055c.jpg, 1, 0
melanoma_766_jpg.rf.5584e2343b3fd61f94d2259d1f45ad87.jpg, 1, 0
melanoma_5031_jpg.rf.5580fbaf6cccc5467d87801c03101779.jpg, 0, 1
melanoma_5842_jpg.rf.55f1b89e07a4906f3f2762d507cb27e8.jpg, 0, 1
melanoma_280_jpg.rf.55daef12bed2c92ab98998954272bb5f.jpg, 1, 0
melanoma_5297_jpg.rf.55dfe7cff27605494c2e7b74e8454356.jpg, 0, 1
melanoma_5314_jpg.rf.56057013ebd51d06f31f4460773402aa.jpg, 0, 1
melanoma_229_jpg.rf.56917f6aff069fa0c0d1775caab8cb0c.jpg, 1, 0
melanoma_195_jpg.rf.5627e9133927ec0e8b7bfc2b6921e640.jpg, 1, 0
melanoma_5009_jpg.rf.562c695c182ff560b5e562fa9c285272.jpg, 0, 1
melanoma_1024_jpg.rf.5697431a66c0a2e9e7b20913c9c97c17.jpg, 1, 0
melanoma_6008_jpg.rf.565c826f92b75b49063bea25ef98213e.jpg, 0, 1
melanoma_376_jpg.rf.5692dbc0c2a2c424c4df683eb4ca6bb3.jpg, 1, 0
melanoma_843_jpg.rf.56dd7735dbc863505238cc676e6352aa.jpg, 1, 0
melanoma_29_jpg.rf.56e25eeb5af5e03ca3b620c28e470c1f.jpg, 1, 0
melanoma_5680_jpg.rf.56996004ca7a2f0578bd235dd94c4006.jpg, 0, 1
melanoma_5058_jpg.rf.57384981c7676909821fdd1afa0df044.jpg, 0, 1
melanoma_5285_jpg.rf.573d203e819541bfbc60234ea68c906e.jpg, 0, 1
melanoma_964_jpg.rf.5851bbed591319bc2b84a6e0cd05065b.jpg, 1, 0
melanoma_68_jpg.rf.577d99f553aeaa73ae8261abbc5f31e4.jpg, 1, 0
melanoma_5081_jpg.rf.5735a5c9c5dffe91d1d1ed78705107fa.jpg, 0, 1
melanoma_459_jpg.rf.5872f40b4efa033ae506f530f03000f1.jpg, 1, 0
melanoma_5156_jpg.rf.58047837994e2ae56f1094bc79bb9516.jpg, 0, 1
melanoma_281_jpg.rf.584449eff8c72fdcdc3b1d542f2deb42.jpg, 1, 0
melanoma_5074_jpg.rf.591148764b24c7bf532d205a088cbf42.jpg, 0, 1
melanoma_5449_jpg.rf.593992e52d61414a763c3ae75cd7c3bf.jpg, 0, 1
melanoma_687_jpg.rf.5839dc71a83293cf0b0fe8dade896de8.jpg, 1, 0
melanoma_5188_jpg.rf.5b8ddfb5de782fe2977aeca6f81e61fc.jpg, 0, 1
melanoma_5210_jpg.rf.5b912af03808b8f5f29f4370f78ea259.jpg, 0, 1
melanoma_5750_jpg.rf.5885a60b85093f9e7f95085708d06297.jpg, 0, 1
melanoma_991_jpg.rf.5a63ceb35edd01836bf6df23cdc44a1a.jpg, 1, 0
melanoma_5721_jpg.rf.5930f4ed5506f0d7a1d5078858acea38.jpg, 0, 1
melanoma_671_jpg.rf.5956cbd45c9dd5b71ff9b73296fbbce6.jpg, 1, 0
melanoma_5037_jpg.rf.5ba4203ff282de4f175011ccc95a6166.jpg, 0, 1
melanoma_488_jpg.rf.5b6fdc89d6fac3f1d4c0005057fefce7.jpg, 1, 0
melanoma_5541_jpg.rf.5c4b90b3a8aff8cc145e365b91c31d24.jpg, 0, 1
melanoma_5727_jpg.rf.5bb4f213b0aa7ef79e4b77a7206d6ada.jpg, 0, 1
melanoma_5596_jpg.rf.5c22d6930a6f5bad0973bf792f4e5154.jpg, 0, 1
melanoma_845_jpg.rf.5bf41395f1774d78f968e84f0c3cd7a6.jpg, 1, 0
melanoma_5325_jpg.rf.5ccc8dadf9084052ba2d28ae173d52e1.jpg, 0, 1
melanoma_357_jpg.rf.5cd8d3bc55631458bafddcb2040e1602.jpg, 1, 0
melanoma_910_jpg.rf.5ce227df18b3f30f04ea3fb8e781743d.jpg, 1, 0
melanoma_203_jpg.rf.5cfbb179448f8811630a9a255ab2050b.jpg, 1, 0
melanoma_5495_jpg.rf.5d214f00e096b0112b732707b367205c.jpg, 0, 1
melanoma_5247_jpg.rf.5c71cb728d96ab53a94332993507b6a1.jpg, 0, 1
melanoma_531_jpg.rf.5d63d30708e34dfbd1ce792f75e468ef.jpg, 1, 0
melanoma_5531_jpg.rf.5d7ddff18d3a6c565fbdc3242b6a150a.jpg, 0, 1
melanoma_355_jpg.rf.5e0980228c4dff4220a98e04595a5ecc.jpg, 1, 0
melanoma_5204_jpg.rf.5e017c533578ed2aa5332ecb9e05a47b.jpg, 0, 1
melanoma_5217_jpg.rf.5e3eb6ea2d54dfc7c0a32c51820f0b21.jpg, 0, 1
melanoma_902_jpg.rf.5ee442a36a0f7d2048b856d9d90d8119.jpg, 1, 0
melanoma_250_jpg.rf.5ec6f2d012d018e0d24729681ad4ddc4.jpg, 1, 0
melanoma_6011_jpg.rf.5e2cc112118a3c0150a16b5fcef0c83c.jpg, 0, 1
melanoma_996_jpg.rf.5fa8c13aa7932f1d3d3e22b060e26bf8.jpg, 1, 0
melanoma_5990_jpg.rf.5da2f3ab23b0f7c94061b894c9a9d923.jpg, 0, 1
melanoma_5050_jpg.rf.5de5f58ff0e9680a53403ffdbfb8484d.jpg, 0, 1
melanoma_569_jpg.rf.5f8654e889b91aafaa97553e0187ca4f.jpg, 1, 0
melanoma_713_jpg.rf.60a81e058df59d33e637b82471ae3208.jpg, 1, 0
melanoma_5165_jpg.rf.5ecb20ddaec9f72c7a0df5ddcc88a9ce.jpg, 0, 1
melanoma_5070_jpg.rf.5e041066cfc7e8a8a398ad9f88abb76e.jpg, 0, 1
melanoma_5107_jpg.rf.60ad22a27967f8190dbbdf5c5cd9bd0a.jpg, 0, 1
melanoma_425_jpg.rf.60fb1f300760309438964bf1301ba47b.jpg, 1, 0
melanoma_5136_jpg.rf.61ff225871da9a0f034ad105f94d9ebd.jpg, 0, 1
melanoma_5675_jpg.rf.618ec585a73d05a92b5f5ee4d5498bde.jpg, 0, 1
melanoma_6007_jpg.rf.614f680b651dc95b8e726d8f70b87d08.jpg, 0, 1
melanoma_994_jpg.rf.61ff47b266113b0ef3925c8b0764c9f7.jpg, 1, 0
melanoma_5296_jpg.rf.5fc461be9c6de8a6e85265ac1c6361ad.jpg, 0, 1
melanoma_542_jpg.rf.612052a87625a4e269886280ff02ee1c.jpg, 1, 0
melanoma_5264_jpg.rf.625e5f97c0675544f3daf6f274af1847.jpg, 0, 1
melanoma_152_jpg.rf.6208fa21d4fac583a0d78828b690fb1a.jpg, 1, 0
melanoma_556_jpg.rf.6272616a172f166aa83c3188207e4cc8.jpg, 1, 0
melanoma_5736_jpg.rf.6344da0af89d258d714ee214dd741a7a.jpg, 0, 1
melanoma_504_jpg.rf.639a6c1f9229893244c8f03b7728ac57.jpg, 1, 0
melanoma_5272_jpg.rf.62f18cc28a2b1a66ea20933b5b3f3a94.jpg, 0, 1
melanoma_5433_jpg.rf.63c087223542c91301b805ba019d85f0.jpg, 0, 1
melanoma_5715_jpg.rf.6400429993f28e0e9f5b72b947b62d9c.jpg, 0, 1
melanoma_5529_jpg.rf.6328f30c1bc48628749f80dd7b2b328c.jpg, 0, 1
melanoma_5409_jpg.rf.6408f581c5cb24175bc9c1df3eb6c17c.jpg, 0, 1
melanoma_537_jpg.rf.643776a3cb32fbb9cd528c20b22019df.jpg, 1, 0
melanoma_5701_jpg.rf.647a3ebba1e0dc5c35390fd04897b37d.jpg, 0, 1
melanoma_771_jpg.rf.648b3b15b93ef2d077c7d81afb0b3f31.jpg, 1, 0
melanoma_5899_jpg.rf.643b06a7136275b6dde3931c0e450536.jpg, 0, 1
melanoma_969_jpg.rf.64ccdb0d02cb9d2ad63caa4a2b67d387.jpg, 1, 0
melanoma_187_jpg.rf.64d21f3c15e4793c39cc7192c98ac939.jpg, 1, 0
melanoma_365_jpg.rf.64e93a017df56f10f4064d2abd6a83d0.jpg, 1, 0
melanoma_5813_jpg.rf.64ce36ce68d430b9ee32c54bf5dbea42.jpg, 0, 1
melanoma_987_jpg.rf.6554edd791ce7f8dcc5cb458356348e1.jpg, 1, 0
melanoma_988_jpg.rf.64f1f3f3bb2238562a04b9a9bc528b83.jpg, 1, 0
melanoma_827_jpg.rf.651431245c5beb0c06030943b458ce31.jpg, 1, 0
melanoma_557_jpg.rf.65f4983669a8c0f15b2ded8bf7cc4c3e.jpg, 1, 0
melanoma_880_jpg.rf.65a54024b757d3a0bf5de1afa83b2e36.jpg, 1, 0
melanoma_5892_jpg.rf.6567476adb94c3ce38b4e45a88b544e4.jpg, 0, 1
melanoma_932_jpg.rf.6554fd801efb93a0522da540fb24ff23.jpg, 1, 0
melanoma_5706_jpg.rf.64d930ab209b2872dc29b54b26f267b7.jpg, 0, 1
melanoma_816_jpg.rf.654a9d48417e07be181ff08a96ff6a9a.jpg, 1, 0
melanoma_5019_jpg.rf.66fc9be4f92b2594044994045332bcdc.jpg, 0, 1
melanoma_5400_jpg.rf.666545cca1dad2f0c4849ece5f14f081.jpg, 0, 1
melanoma_5391_jpg.rf.66e16ac7d115a6989241b362c4080c78.jpg, 0, 1
melanoma_5792_jpg.rf.6649b89e6e6ab28b6e948fc482085d67.jpg, 0, 1
melanoma_91_jpg.rf.6702b9c11cdfee8425cb5e983b695f1d.jpg, 1, 0
melanoma_419_jpg.rf.672c48484c2b9b3506ea653179d4c797.jpg, 1, 0
melanoma_5402_jpg.rf.670de8801937ccd6810a81cd89dc3d29.jpg, 0, 1
melanoma_5765_jpg.rf.679b19530d420201f362442a16282318.jpg, 0, 1
melanoma_535_jpg.rf.681bd77d434e435d0a47cb79249ba1f7.jpg, 1, 0
melanoma_5764_jpg.rf.674123d4681c5a68080dee2fa1de8d76.jpg, 0, 1
melanoma_5197_jpg.rf.6990917b0168967e9f848a6cb4a02ebf.jpg, 0, 1
melanoma_690_jpg.rf.690b7906e753d92c6b85748d368647d0.jpg, 1, 0
melanoma_286_jpg.rf.684b56248c24d3112bb971913139761f.jpg, 1, 0
melanoma_5331_jpg.rf.6816b03b462d9a7c64dd8d3b567ec333.jpg, 0, 1
melanoma_465_jpg.rf.6a2953666631333c816e1e5b99cefafe.jpg, 1, 0
melanoma_572_jpg.rf.69ced66b1d5f272d54fc6b1f2dbb8f34.jpg, 1, 0
melanoma_610_jpg.rf.6843fc15cfe05eed52fe635c58c7f667.jpg, 1, 0
melanoma_5536_jpg.rf.69aeb2d2e337a771b37d0d10bf51acc5.jpg, 0, 1
melanoma_5317_jpg.rf.f20fac35c388af8e53a66d22c0d62be2.jpg, 0, 1
melanoma_809_jpg.rf.f3c3e3aeba0e1e817d1bc8a74515d536.jpg, 1, 0
melanoma_298_jpg.rf.f1ca44865334991c62d2cccab3b4f7dd.jpg, 1, 0
melanoma_5152_jpg.rf.f3b232698f0221e058ce491509f292d2.jpg, 0, 1
melanoma_5846_jpg.rf.f24cda2bcb54af59a6f9f3cbc321824d.jpg, 0, 1
melanoma_627_jpg.rf.f376107c508a380a181d2e50b86eb208.jpg, 1, 0
melanoma_5486_jpg.rf.f3d42d83f0cf37da4d9471e4e2211333.jpg, 0, 1
melanoma_5912_jpg.rf.f27a607cfc517da7f32fa4a6ffe5e1ab.jpg, 0, 1
melanoma_5661_jpg.rf.f2ddda09a2457e72657bb3f7405ff196.jpg, 0, 1
melanoma_26_jpg.rf.f402a1ea448f6863b643035dbc78018b.jpg, 1, 0
melanoma_5825_jpg.rf.f2b31c7f0b6293ae90b656ef0b3346a3.jpg, 0, 1
melanoma_337_jpg.rf.f42ddbe61777a6df9495d807bef2d4f1.jpg, 1, 0
melanoma_499_jpg.rf.f1ed07564b60771bb55e3df811e963e5.jpg, 1, 0
melanoma_735_jpg.rf.f2794cda8b97fcce6e46a7240fccf441.jpg, 1, 0
melanoma_198_jpg.rf.f21ea5cf019799a03ab98fee7475e4e9.jpg, 1, 0
melanoma_974_jpg.rf.f17c40cc5a41dac06a28783f71091fa4.jpg, 1, 0
melanoma_95_jpg.rf.f2a45795ea2bfe7c919cb72b5fb9c4b2.jpg, 1, 0
melanoma_5439_jpg.rf.f1f222b82124373ac47f0c32fbe2b911.jpg, 0, 1
melanoma_133_jpg.rf.f415d5348fffd6cd7a389322d625b9fe.jpg, 1, 0
melanoma_65_jpg.rf.f36384ad87b2cc15fa1bbbd7ed809ff4.jpg, 1, 0
melanoma_613_jpg.rf.f29add3a2d0da1b5c12172ecf22c3edf.jpg, 1, 0
melanoma_5117_jpg.rf.f1bd428228f6c2b6130e9df4f33550a8.jpg, 0, 1
melanoma_821_jpg.rf.f394c318574c7b943ddf210cecd8b95d.jpg, 1, 0
melanoma_5780_jpg.rf.f4811cb082d1499e560a0c6afc9267a8.jpg, 0, 1
melanoma_5855_jpg.rf.f48d107b973e9159077acb05f5848170.jpg, 0, 1
melanoma_648_jpg.rf.f35fba06fcc98e23db5dd8bdc1c6371f.jpg, 1, 0
melanoma_545_jpg.rf.f4ad25ec67f5ca34804bf58e1008b445.jpg, 1, 0
melanoma_278_jpg.rf.f4b74393bd5a78185da47c4054229a2a.jpg, 1, 0
melanoma_412_jpg.rf.f4b7397c2dd9756193c9c42405b691d9.jpg, 1, 0
melanoma_5651_jpg.rf.f428197f3a03b381e76b820b36756609.jpg, 0, 1
melanoma_79_jpg.rf.f4b2477f697f258d416a2ecf2f11a63d.jpg, 1, 0
melanoma_633_jpg.rf.f5076f5137c4fc2e75ac4f78a54830a8.jpg, 1, 0
melanoma_5303_jpg.rf.f53ea73a43243e1f96ef64718d0455af.jpg, 0, 1
melanoma_268_jpg.rf.f5129bdfdb4a79695b6024356dd2d012.jpg, 1, 0
melanoma_409_jpg.rf.f5427facef7c8c735519224b7aeebda8.jpg, 1, 0
melanoma_5688_jpg.rf.f540a1cfb686497412c8200b5369569a.jpg, 0, 1
melanoma_665_jpg.rf.f55fade6e67772f5767d3ca5e455aa7d.jpg, 1, 0
melanoma_300_jpg.rf.f579806339cc98fe232358852490f244.jpg, 1, 0
melanoma_5481_jpg.rf.f5440cf71a10f6c782b93cfe61f8e4a1.jpg, 0, 1
melanoma_5346_jpg.rf.f62c5f41eecbac30316a5303c13435aa.jpg, 0, 1
melanoma_5367_jpg.rf.f676939ec73536ef596d864217c1a885.jpg, 0, 1
melanoma_5633_jpg.rf.f6dae2d36c91e07bbb303ce38bc1af53.jpg, 0, 1
melanoma_5884_jpg.rf.f6815363c602d859a6d9f08048598c20.jpg, 0, 1
melanoma_808_jpg.rf.f6fb24b3be66c789977669ebd753e689.jpg, 1, 0
melanoma_5101_jpg.rf.f71a6ddafbd00188ec8450ae9c759721.jpg, 0, 1
melanoma_330_jpg.rf.f7b9c038c34a472ba2d37e1507b3e70f.jpg, 1, 0
melanoma_5434_jpg.rf.f75baad4073f67ada5be2882752d77b9.jpg, 0, 1
melanoma_5109_jpg.rf.f745c81da12254456195773d5e15ff61.jpg, 0, 1
melanoma_5236_jpg.rf.f825f51d302f802d118a1414733e3cc7.jpg, 0, 1
melanoma_5359_jpg.rf.f8407e7eff086e821aa8926afa984485.jpg, 0, 1
melanoma_966_jpg.rf.f869773d5954bfcd081b4675e23e7925.jpg, 1, 0
melanoma_92_jpg.rf.f8d6925ae42b252824c996527673197c.jpg, 1, 0
melanoma_5410_jpg.rf.f9233912feace928b26ec9c708b37d85.jpg, 0, 1
melanoma_14_jpg.rf.f7af61da6ee555beb0df2d80ce6f78a4.jpg, 1, 0
melanoma_156_jpg.rf.f8458bfaf76547234c7e544a5f51d00b.jpg, 1, 0
melanoma_71_jpg.rf.f8e8093662b628e5363ac1d61f6ad254.jpg, 1, 0
melanoma_617_jpg.rf.f953267db4dcecc03d7a8f689abd1522.jpg, 1, 0
melanoma_1007_jpg.rf.f9778438c394a150ae2e4bb9b0e3d261.jpg, 1, 0
melanoma_219_jpg.rf.f929e18401af3bfa109dd7e33a571226.jpg, 1, 0
melanoma_5350_jpg.rf.f996534602c79bb34dd6b8ccc80da3e3.jpg, 0, 1
melanoma_5428_jpg.rf.f989934f862224262892850d33181480.jpg, 0, 1
melanoma_5511_jpg.rf.f99eb0bb2a724771ff9f6d41b0adf8a9.jpg, 0, 1
melanoma_206_jpg.rf.f9c4c9798aa2fc1ed675a1708c7e500a.jpg, 1, 0
melanoma_813_jpg.rf.f9b4ecc1284df08f8d5fa34c25af480f.jpg, 1, 0
melanoma_555_jpg.rf.f9c90db6d7a822d1a8c133e208dc2b19.jpg, 1, 0
melanoma_5983_jpg.rf.fa88c21928ccf69073b24181e8c1714e.jpg, 0, 1
melanoma_5820_jpg.rf.f9fb8229538f18b1fb698affedf3cc69.jpg, 0, 1
melanoma_5818_jpg.rf.f9a625b159eb5e8e3dd4f9d3a3f6286c.jpg, 0, 1
melanoma_883_jpg.rf.faad8513645214d2594aaf5a6284eb2f.jpg, 1, 0
melanoma_5437_jpg.rf.fa229a3f49cba2f28f87691e81631bde.jpg, 0, 1
melanoma_37_jpg.rf.fabc2f9a74219d992acf9dcb3c0399fc.jpg, 1, 0
melanoma_854_jpg.rf.fb94c01cf7bd9fca0a733dad9e0ad3ea.jpg, 1, 0
melanoma_770_jpg.rf.fb5ad0e9f1e8135868e5bf4303a5043a.jpg, 1, 0
melanoma_5067_jpg.rf.fb923cd1919ba24aee3d29fdc41a8484.jpg, 0, 1
melanoma_5414_jpg.rf.fbaf77c8bccc02502aa2699c9699276b.jpg, 0, 1
melanoma_436_jpg.rf.fb47c5e18020b88f685c89e3d2868dee.jpg, 1, 0
melanoma_417_jpg.rf.fc17e0acdcd7522d0ad0bf95a8906c1b.jpg, 1, 0
melanoma_252_jpg.rf.fc547e0cfcc0822a9ca2c021e487e6ab.jpg, 1, 0
melanoma_209_jpg.rf.fc6bab0e4fd7e1682730dd005b789466.jpg, 1, 0
melanoma_5282_jpg.rf.fc301cd05a2a719b4c2a479899975b2e.jpg, 0, 1
melanoma_5135_jpg.rf.fc9cc6940fe56bcb479e51192c02899d.jpg, 0, 1
melanoma_673_jpg.rf.fc9d9e0d19e87516669030fa8bf1ea2d.jpg, 1, 0
melanoma_5351_jpg.rf.fce7cafe4758a6ac3bad0ae145103650.jpg, 0, 1
melanoma_61_jpg.rf.fce0d67faabdc6edd87e28010d32af57.jpg, 1, 0
melanoma_341_jpg.rf.fd6778324dcab5e96f629f48155854f4.jpg, 1, 0
melanoma_5144_jpg.rf.fdf05992d59c5506c35e454ccea18798.jpg, 0, 1
melanoma_5407_jpg.rf.fd948c1246c679062eb3637cb2f857d8.jpg, 0, 1
melanoma_675_jpg.rf.fd9b42122946c20cbfe951fbab01528c.jpg, 1, 0
melanoma_5873_jpg.rf.fcd9516104a6ed2d8645601f5f76f51d.jpg, 0, 1
melanoma_5034_jpg.rf.fdf22b5e21e52d1ff0326f9b19175098.jpg, 0, 1
melanoma_257_jpg.rf.fe8450891f563d8480b3c7049814ba3a.jpg, 1, 0
melanoma_822_jpg.rf.fe80435feb34ebcc29499662d95d6c32.jpg, 1, 0
melanoma_5306_jpg.rf.febdfa402f00a984429cdace2b3a88d5.jpg, 0, 1
melanoma_5516_jpg.rf.fee66115387d6140ad2b3735946b59a2.jpg, 0, 1
melanoma_5893_jpg.rf.fed10b1bf330d6750bccae6bcc4ad8f3.jpg, 0, 1
melanoma_661_jpg.rf.ff092bb25d740f4f510edbda5c1f9140.jpg, 1, 0
melanoma_768_jpg.rf.ff87c6bc757ddc6bbf22b7946d266279.jpg, 1, 0
melanoma_598_jpg.rf.fe3560abd6dfd42ca06693401afafb7a.jpg, 1, 0
melanoma_5568_jpg.rf.ff82dac3ee32b0f4abdc1dddd4606409.jpg, 0, 1
melanoma_5423_jpg.rf.0c84dfddbf498a3fc68988c42d35ff9a.jpg, 0, 1
melanoma_5777_jpg.rf.0c16005ea05c1ce21cff25c2e766eeb9.jpg, 0, 1
melanoma_5293_jpg.rf.0c86b95cf7fb5a487d6625deef7bbae4.jpg, 0, 1
melanoma_407_jpg.rf.0cca0a5fde4297509b750e48aa89a52a.jpg, 1, 0
melanoma_5478_jpg.rf.0bfe30fb752a4644bfb846b38c012a84.jpg, 0, 1
melanoma_514_jpg.rf.0d0f73f7181838969d9219140d8cbdde.jpg, 1, 0
melanoma_630_jpg.rf.0c9f9eca16b41835dee96482f7105925.jpg, 1, 0
melanoma_266_jpg.rf.0cc822e9402606f457602f41ff325171.jpg, 1, 0
melanoma_655_jpg.rf.0d25a836da277dd7de043edb440900a0.jpg, 1, 0
melanoma_63_jpg.rf.09ec197f53fda4324877c9192dc0090c.jpg, 1, 0
melanoma_5981_jpg.rf.0a858d74bae221699bc07d7d8f11a5cd.jpg, 0, 1
melanoma_5548_jpg.rf.0b4216fd2ae2d58e492df482d44bf4aa.jpg, 0, 1
melanoma_5939_jpg.rf.0a2b959d80ad5a80555b2fd04eed65f6.jpg, 0, 1
melanoma_77_jpg.rf.0d201e0e8c9beba17158065f573b462b.jpg, 1, 0
melanoma_694_jpg.rf.0cfa0f929248745d87569163e60f0c55.jpg, 1, 0
melanoma_144_jpg.rf.0b991894bb183ee0b5bed467017350b4.jpg, 1, 0
melanoma_662_jpg.rf.0be2e97c6d873ffbee18766b35f9448c.jpg, 1, 0
melanoma_646_jpg.rf.0d4584ee0b37f86ef0cc9d25f2e51e6e.jpg, 1, 0
melanoma_5874_jpg.rf.0b35db0e90485366355d59398b4d349f.jpg, 0, 1
melanoma_5139_jpg.rf.0bad7bc77ad0ea7a6298bfecabc766b6.jpg, 0, 1
melanoma_5848_jpg.rf.0a637b8552902df0ca4e92a79b3cdba0.jpg, 0, 1
melanoma_5988_jpg.rf.0b226eea21a49778930335f12511bf33.jpg, 0, 1
melanoma_920_jpg.rf.0c7104f5d5d2b8723b96016767c534e7.jpg, 1, 0
melanoma_5490_jpg.rf.0bfaaf2f224446ec03f653d0637cf46a.jpg, 0, 1
melanoma_448_jpg.rf.0e09d0fa951dd97348c41ca9852cf671.jpg, 1, 0
melanoma_5788_jpg.rf.0f83703fbab71d7d8646669ef8d2d344.jpg, 0, 1
melanoma_564_jpg.rf.0f97beaba1318a5eb427712bb774cbcd.jpg, 1, 0
melanoma_5642_jpg.rf.0fb2c62a5f0c03d9b134d8a5c2fe62ed.jpg, 0, 1
melanoma_5470_jpg.rf.0fd5f942bfad9655804c6a24730b6927.jpg, 0, 1
melanoma_872_jpg.rf.0feb54cfb8395c9004a9efa3029c16cc.jpg, 1, 0
melanoma_5840_jpg.rf.0f504859ca5827d364c688e5530bdc4d.jpg, 0, 1
melanoma_207_jpg.rf.1004eaccb70f1a1ee07e9e5639f1e52d.jpg, 1, 0
melanoma_841_jpg.rf.113b938149c06390e65ef32f717cefb7.jpg, 1, 0
melanoma_5581_jpg.rf.1065b27ec48bfe4941a004a5f5670074.jpg, 0, 1
melanoma_5086_jpg.rf.103fab3e7338496565a3faae6012b986.jpg, 0, 1
melanoma_118_jpg.rf.10ace8d5505ca50d438f6e90884b7255.jpg, 1, 0
melanoma_745_jpg.rf.10eb49f8bcd1536a342c1a3be44472c6.jpg, 1, 0
melanoma_405_jpg.rf.116b3d88cd20aa8e5562c914c3f03967.jpg, 1, 0
melanoma_107_jpg.rf.1185325481d48e4b893dcc451cc982bf.jpg, 1, 0
melanoma_19_jpg.rf.115d04b0e572658b9605da5f95b6dfcf.jpg, 1, 0
melanoma_749_jpg.rf.1283c1907f115daa022d565fa7fd6b63.jpg, 1, 0
melanoma_870_jpg.rf.123eb4568ec67cda8688c78b87883269.jpg, 1, 0
melanoma_5593_jpg.rf.125eb5c673db97d302ccfcc20fe9cd2f.jpg, 0, 1
melanoma_5689_jpg.rf.123ab20fce3b5aec824803a1447bc4ee.jpg, 0, 1
melanoma_479_jpg.rf.123fe8c567f0af9357b88925836f90ae.jpg, 1, 0
melanoma_608_jpg.rf.12b2f7821f108ee4a7c2bebad537795b.jpg, 1, 0
melanoma_5554_jpg.rf.1346f83633067d11fb4d95c75e38c85f.jpg, 0, 1
melanoma_738_jpg.rf.13c365dd4e1b3a8fd2bf2480db612639.jpg, 1, 0
melanoma_518_jpg.rf.12ca964a59db5e18755bd146b356064c.jpg, 1, 0
melanoma_5042_jpg.rf.1464c3f83ccb6f6d6ba8492f61469a40.jpg, 0, 1
melanoma_5890_jpg.rf.1439a65df650fc5681331cd79ba2f6d3.jpg, 0, 1
melanoma_5196_jpg.rf.150b2e9a77482022f47c983ef9e2e287.jpg, 0, 1
melanoma_5211_jpg.rf.14bf45fe837b682e4488c12ec2529b2e.jpg, 0, 1
melanoma_789_jpg.rf.14e247e21ad86be9520669ea23b28e9c.jpg, 1, 0
melanoma_5202_jpg.rf.145ce39ed8cd1fb5ed449494c5985e05.jpg, 0, 1
melanoma_5163_jpg.rf.14ff2df2f41fd8c0f22f65eaa9c24c2e.jpg, 0, 1
melanoma_839_jpg.rf.15143b1693eef0965852efcf5cbbf9e3.jpg, 1, 0
melanoma_830_jpg.rf.13fe99b6db1070186c397842a8b0b35d.jpg, 1, 0
melanoma_5640_jpg.rf.15745fee4459b312b27f3d622611824d.jpg, 0, 1
melanoma_1000_jpg.rf.1559565b0570cba46718e50cf4d7c183.jpg, 1, 0
melanoma_5578_jpg.rf.15ba728e80fb97d990674b3ea46a591d.jpg, 0, 1
melanoma_976_jpg.rf.1650266d75d06be2de1354f1cce9cbb4.jpg, 1, 0
melanoma_5220_jpg.rf.154311e83f321bee992aaed839d66e54.jpg, 0, 1
melanoma_223_jpg.rf.15c7aeab1f4873b56796ed15199bf89f.jpg, 1, 0
melanoma_471_jpg.rf.168e1e6d7660851264b34cfcd828af96.jpg, 1, 0
melanoma_385_jpg.rf.169d641a2fcf0cfd0f444073d93b3bf1.jpg, 1, 0
melanoma_640_jpg.rf.16bd29e80b7a91f625ad6c3634ac749a.jpg, 1, 0
melanoma_810_jpg.rf.16ed8d2890205dfbeb177db566052a51.jpg, 1, 0
melanoma_5370_jpg.rf.16d4be890a24d381a5a35e607d8bc856.jpg, 0, 1
melanoma_5824_jpg.rf.16bfe499b4345dbd4a454153da8d65e7.jpg, 0, 1
melanoma_5695_jpg.rf.16fac7aaf179d17cb8012cae9b1988d5.jpg, 0, 1
melanoma_981_jpg.rf.1712595201adb0d25e9d7aafefa859b1.jpg, 1, 0
melanoma_93_jpg.rf.170786f9cb4e4fd70484fa29b416c766.jpg, 1, 0
melanoma_825_jpg.rf.172fd121c5d275d212514eee4cf09c9a.jpg, 1, 0
melanoma_651_jpg.rf.17886c4ebef760ffed3cefe6aaa41fb0.jpg, 1, 0
melanoma_322_jpg.rf.173c9e4de10cdb5ea00768a9b0bc43aa.jpg, 1, 0
melanoma_5528_jpg.rf.17a3dd2bc667cf0b229587795f3ad6a9.jpg, 0, 1
melanoma_414_jpg.rf.17dd2d05be0274c011c03ce40e2dda4a.jpg, 1, 0
melanoma_5861_jpg.rf.17fe501e2a84447570e2c94298e63546.jpg, 0, 1
melanoma_5998_jpg.rf.187051d9dce5255f07927739b395ee2c.jpg, 0, 1
melanoma_5779_jpg.rf.17aab36925f47d0514dbe5640dbf894f.jpg, 0, 1
melanoma_6001_jpg.rf.179b2e557d52bc06722e61d0dc8df42a.jpg, 0, 1
melanoma_823_jpg.rf.188505050d83d60790c3fa9877861efb.jpg, 1, 0
melanoma_5798_jpg.rf.1917891f06021fc0aeb78cac50275523.jpg, 0, 1
melanoma_5584_jpg.rf.1917963665d9c4e6b1a88fecc5abbdbd.jpg, 0, 1
melanoma_5652_jpg.rf.1978ad8e0db3854d2ff93764397360af.jpg, 0, 1
melanoma_424_jpg.rf.18803df2125b4ba1d1250d2a26beedc0.jpg, 1, 0
melanoma_5586_jpg.rf.19e40aca1c6d62e32cde25237986e327.jpg, 0, 1
melanoma_5016_jpg.rf.1a0eca570073b0777f306a8f44c689d0.jpg, 0, 1
melanoma_5577_jpg.rf.19c48a195d76ce91a5ce9ccfffc28056.jpg, 0, 1
melanoma_5620_jpg.rf.1a20703654779960c3a17f9eec94e447.jpg, 0, 1
melanoma_5193_jpg.rf.1a06634d0bbdd637485b04f713046a71.jpg, 0, 1
melanoma_5266_jpg.rf.1aeec3f11740c9be4aacba22fcfe2a11.jpg, 0, 1
melanoma_5105_jpg.rf.1b2f8fdbe57d9437175e2bdebdce43b5.jpg, 0, 1
melanoma_113_jpg.rf.1a68f7559f2a28b8707b84446c7f2484.jpg, 1, 0
melanoma_161_jpg.rf.1b0a4fd9ee0dd1451f297cab40ef6a06.jpg, 1, 0
melanoma_554_jpg.rf.1b39b2c87f28628f9e1b96cb41b2ee0d.jpg, 1, 0
melanoma_5774_jpg.rf.1b8a98ed9f026283d47bb9357e3ae941.jpg, 0, 1
melanoma_259_jpg.rf.1b98f340cdbe37819c0338e277f25e74.jpg, 1, 0
melanoma_847_jpg.rf.1b9b2d57e8adcce346bfa22402320fc9.jpg, 1, 0
melanoma_582_jpg.rf.1bba6e247c8405a3307caec95d84a126.jpg, 1, 0
melanoma_5207_jpg.rf.1b78d889dcfe2de6eacfc7a5b98e5154.jpg, 0, 1
melanoma_196_jpg.rf.1bccc902e02a1a95c6f7a647f35e161a.jpg, 1, 0
melanoma_5615_jpg.rf.1c368e6cb954abf5743a117194836117.jpg, 0, 1
melanoma_42_jpg.rf.1c8624f00e1ef5b474c27a45b358febd.jpg, 1, 0
melanoma_5177_jpg.rf.1d7f72322cb3d3392d1566c86363985c.jpg, 0, 1
melanoma_5172_jpg.rf.1cb1f14a2dd2c7a6ed056b99dcfe224e.jpg, 0, 1
melanoma_5771_jpg.rf.1d81c6cbbf4e0b6b8581ac8fa3102cc1.jpg, 0, 1
melanoma_5547_jpg.rf.1d9650f62b73e1a9418529f2a395235a.jpg, 0, 1
melanoma_5637_jpg.rf.1d7cc387e567428ecda69c326a02fddd.jpg, 0, 1
melanoma_5948_jpg.rf.1e70c87d835ee4e54227d80b8a3d6926.jpg, 0, 1
melanoma_5027_jpg.rf.1e4c4a077f76b7d5c05ff27e7ce3696f.jpg, 0, 1
melanoma_737_jpg.rf.1edaa755a4c914284d6bb24697a124d4.jpg, 1, 0
melanoma_715_jpg.rf.1f020f68f19e010929f7624935f37693.jpg, 1, 0
melanoma_528_jpg.rf.1ed519448b5b76c00820305841d91bb3.jpg, 1, 0
melanoma_475_jpg.rf.1ea2da6a5f06a7d15aaa36c9f7295788.jpg, 1, 0
melanoma_10_jpg.rf.1f0a04ba0d0b5a53a1846a81c21f5678.jpg, 1, 0
melanoma_5268_jpg.rf.1fb5cf04d90e4b3b3d6bfa327f2f86f5.jpg, 0, 1
melanoma_5859_jpg.rf.1fc20b939594ae9f651c3a69706ec375.jpg, 0, 1
melanoma_975_jpg.rf.201429ef5d07c3fd72030774cd396e41.jpg, 1, 0
melanoma_418_jpg.rf.1fc1a8bfde5e746cd77c3831328fa4b2.jpg, 1, 0
melanoma_5076_jpg.rf.1fe8aa08db273ea6965377450b60a8a2.jpg, 0, 1
melanoma_112_jpg.rf.20c591a937a5c6e3cf98ef50ac19d1f6.jpg, 1, 0
melanoma_747_jpg.rf.20b8b745a25900830dd9e32f8f928e9f.jpg, 1, 0
melanoma_5358_jpg.rf.20887139a4d88408aadcbaffed96041c.jpg, 0, 1
melanoma_721_jpg.rf.20f25e788f8c3711d9b0e5f164748118.jpg, 1, 0
melanoma_5194_jpg.rf.20f78642ce0fc982c2fb7f87842126b3.jpg, 0, 1
melanoma_5396_jpg.rf.20f1918f1ac14549ac773f9642af10a4.jpg, 0, 1
melanoma_5361_jpg.rf.20b5b70a833de4b13cfe7e4e2442e3b2.jpg, 0, 1
melanoma_788_jpg.rf.20e3d37eb874d255d23605b9f494a285.jpg, 1, 0
melanoma_373_jpg.rf.21d5d9e810a2df9e68c0d638e5f8b4ab.jpg, 1, 0
melanoma_5870_jpg.rf.218beee8a75046b0c3a36fd422d4b1b9.jpg, 0, 1
melanoma_5650_jpg.rf.211e5dbdab6a2b55c2d2fc7059c384f6.jpg, 0, 1
melanoma_5045_jpg.rf.21ff3403097808dd4b01bc4330790b08.jpg, 0, 1
melanoma_5169_jpg.rf.22e38035a5b51deb3668cd62fce4359b.jpg, 0, 1
melanoma_5836_jpg.rf.222d77be24385a8efeda75453e91c349.jpg, 0, 1
melanoma_5411_jpg.rf.231a8a79cd6eacb08358beb7f41d3fd9.jpg, 0, 1
melanoma_38_jpg.rf.236f5da9534207331c922eb0fd134fb0.jpg, 1, 0
melanoma_5323_jpg.rf.23397e362f7326cc30579215c4e1534b.jpg, 0, 1
melanoma_5863_jpg.rf.23996a8cecab42c845913937866d5e26.jpg, 0, 1
melanoma_867_jpg.rf.240b8b5a85c30bdca97124295cef0103.jpg, 1, 0
melanoma_34_jpg.rf.23c62840b3d2a37c343b877c6ae48913.jpg, 1, 0
melanoma_862_jpg.rf.240c13454906cc6570c80a537343935e.jpg, 1, 0
melanoma_924_jpg.rf.244a40b9e130e1e40c48d7d5aad21fe0.jpg, 1, 0
melanoma_55_jpg.rf.244d141d6cf3fb0b1698c50e44176f19.jpg, 1, 0
melanoma_5091_jpg.rf.2468457e3b86e2fc80aaf5cde8f0003b.jpg, 0, 1
melanoma_5098_jpg.rf.2483d54620522f4d29684a3f4b0b548e.jpg, 0, 1
melanoma_807_jpg.rf.24a7547cf3debc327985d46319b560a7.jpg, 1, 0
melanoma_401_jpg.rf.2500b40adc6e3a790d78f1ef7b359308.jpg, 1, 0
melanoma_114_jpg.rf.251184c0cf575600f23dc08d2fd3417f.jpg, 1, 0
melanoma_828_jpg.rf.254934c6f2b4467b98a2b35ce59de3e4.jpg, 1, 0
melanoma_5015_jpg.rf.26136bbdbffd41373dd0af2fac26b904.jpg, 0, 1
melanoma_5746_jpg.rf.25fc67acfc599bae30d95e0db16329e6.jpg, 0, 1
melanoma_577_jpg.rf.2512a5aad107d59d0889637efb5317a8.jpg, 1, 0
melanoma_100_jpg.rf.25835c535e5e4e34d045f64685a43b0c.jpg, 1, 0
melanoma_87_jpg.rf.2681a44fdc752018e690e14902155060.jpg, 1, 0
melanoma_851_jpg.rf.266b881bb681a5dd1db7a426d400ec39.jpg, 1, 0
melanoma_1001_jpg.rf.2685670341a700276bb5575b20fa1e6e.jpg, 1, 0
melanoma_391_jpg.rf.2623c3ae233d7c38cff1c15f400a8e6c.jpg, 1, 0
melanoma_5762_jpg.rf.28266b8935d8225248c8bb09cb8cf418.jpg, 0, 1
melanoma_5154_jpg.rf.286a127ebcc66f0a357f01b28b5f2435.jpg, 0, 1
melanoma_638_jpg.rf.28519b78a89db66f41735a3258e6a135.jpg, 1, 0
melanoma_359_jpg.rf.295f0525123cbcc8cd35e0f19f4b0cb1.jpg, 1, 0
melanoma_5606_jpg.rf.292afbab6c956729b35f293946af7868.jpg, 0, 1
melanoma_5969_jpg.rf.294dae582c496bec1b970b68cfbfc418.jpg, 0, 1
melanoma_906_jpg.rf.2960ae9b28e36ced82d2d1934868d13a.jpg, 1, 0
melanoma_7_jpg.rf.29b78b0d2e32c0b556a7f8995e672e12.jpg, 1, 0
melanoma_185_jpg.rf.2a2d0d4dbeacacce2eae6a16e442deba.jpg, 1, 0
melanoma_328_jpg.rf.27a615ab49d09b4e41e388bbce9f6be6.jpg, 1, 0
melanoma_295_jpg.rf.29df7214c4bd6a5627f69de2c36b654d.jpg, 1, 0
melanoma_5556_jpg.rf.2a470fb7812936a79554a64eac783c2e.jpg, 0, 1
melanoma_776_jpg.rf.2a4a3750bf569472263d537d77880f89.jpg, 1, 0
melanoma_5440_jpg.rf.29cece1c8087f26882792e5714d178cd.jpg, 0, 1
melanoma_5473_jpg.rf.2a7249c3232f27c3dba055d6a95abb69.jpg, 0, 1
melanoma_693_jpg.rf.2b5e4f6db8d8c3051e53e1e264c33527.jpg, 1, 0
melanoma_5735_jpg.rf.2aa99bc11a2ccd6dbb4f79931e8727bc.jpg, 0, 1
melanoma_5726_jpg.rf.2b4baec39262b0e35591360a63e5723e.jpg, 0, 1
melanoma_360_jpg.rf.29fd2372536a0ddef1681653313b9f0a.jpg, 1, 0
melanoma_667_jpg.rf.2ba5af8d1a7b7c87a741c39eb9108eef.jpg, 1, 0
melanoma_279_jpg.rf.2bfb13ed6a76c99f452177fbdb34ae25.jpg, 1, 0
melanoma_534_jpg.rf.2c3ba1825affdc4dbeb59f2a12c0b4a5.jpg, 1, 0
melanoma_225_jpg.rf.2caba9ebdfcd25e3cb4acef833709e91.jpg, 1, 0
melanoma_319_jpg.rf.2c835e63b736ffeb39c35fdbdbfe5b68.jpg, 1, 0
melanoma_5371_jpg.rf.2d9181d8f2bba57d97a310f687513451.jpg, 0, 1
melanoma_5829_jpg.rf.2cc1a8837bfbe298c67f9d9c367b6f04.jpg, 0, 1
melanoma_5526_jpg.rf.2d261003faef39d960f34bbd4ec4fc3b.jpg, 0, 1
melanoma_446_jpg.rf.2ce7ac30f568380480f061260da94f6e.jpg, 1, 0
melanoma_754_jpg.rf.2dd99f17cb5db1f14de9c14408ecd1c5.jpg, 1, 0
melanoma_5267_jpg.rf.2e47fc82059525c70fc0b1c0b864d149.jpg, 0, 1
melanoma_5562_jpg.rf.2e3fed35184f3b43a6522e7cdc832807.jpg, 0, 1
melanoma_6021_jpg.rf.2e82f338d0de330e2c50ab407b8ae2f4.jpg, 0, 1
melanoma_1008_jpg.rf.2efde7cf095687cb05931154a57b6101.jpg, 1, 0
melanoma_589_jpg.rf.2edb778a319b720a8ab475daba518c51.jpg, 1, 0
melanoma_5944_jpg.rf.2dd6aaa593d6dab25bf2c57ba1107584.jpg, 0, 1
melanoma_5677_jpg.rf.2f8721d24ce95f2456bb40d35d8837ba.jpg, 0, 1
melanoma_5315_jpg.rf.3042c72f578e9ac5d2793710cbbfe713.jpg, 0, 1
melanoma_956_jpg.rf.2f3b8ecac527d6569e66716755b47dfa.jpg, 1, 0
melanoma_5347_jpg.rf.30d6490b61f7f2b648371231e8d93396.jpg, 0, 1
melanoma_576_jpg.rf.302032f8514a17ff081236c635a599f8.jpg, 1, 0
melanoma_604_jpg.rf.316f6181b751e2adf40c093c36712256.jpg, 1, 0
melanoma_5964_jpg.rf.31931f0806c34076165b47f1d9e80819.jpg, 0, 1
melanoma_6009_jpg.rf.313664cba74b141f4646c3500bc6d048.jpg, 0, 1
melanoma_5930_jpg.rf.30d986f581ddb6fbcdeeba87e3966808.jpg, 0, 1
melanoma_193_jpg.rf.32af1fe2a5e447a251a22963dbd6724e.jpg, 1, 0
melanoma_5064_jpg.rf.330326e07b5b6d47e27963422b402f08.jpg, 0, 1
melanoma_645_jpg.rf.31b65b8e8655c932d746814578e794f0.jpg, 1, 0
melanoma_5860_jpg.rf.32caffd1626c01cea865e0b23692ebca.jpg, 0, 1
melanoma_5466_jpg.rf.3397ff2f4749a294162e3862aa785153.jpg, 0, 1
melanoma_134_jpg.rf.33ad678b5e343d8c58d03e074f85a8bf.jpg, 1, 0
melanoma_297_jpg.rf.31d225f752f3296693facb18677fe594.jpg, 1, 0
melanoma_593_jpg.rf.338621c146e3e85b275144e64fc0ddc7.jpg, 1, 0
melanoma_308_jpg.rf.33ccecdc95569e4830540f255dfdb1eb.jpg, 1, 0
melanoma_5627_jpg.rf.33cc07651fca946b6bec1977488a8b87.jpg, 0, 1
melanoma_60_jpg.rf.3410b7be256cd41e735b5f926ec5ddeb.jpg, 1, 0
melanoma_5085_jpg.rf.33e9e171e321c2dd8e9fbab0c5b5133c.jpg, 0, 1
melanoma_235_jpg.rf.340359b7eb70812c6ea32ef0c97e5781.jpg, 1, 0
melanoma_163_jpg.rf.34bf564a9c81c231ae24e7b22af5da10.jpg, 1, 0
melanoma_5630_jpg.rf.33d01b63d5dbf47ee8c50ed30fb2081a.jpg, 0, 1
melanoma_5057_jpg.rf.34d9a0f21c19d4a06bd2a823b160a588.jpg, 0, 1
melanoma_5797_jpg.rf.341f92c443ac3bb964e8bbf5f39c366e.jpg, 0, 1
melanoma_517_jpg.rf.3474e3fa8857d60e9e9e27a34c0bb7a9.jpg, 1, 0
melanoma_5709_jpg.rf.34db52df2755ebb9fea6a04406ef7a8b.jpg, 0, 1
melanoma_5699_jpg.rf.359af1f89a288219ca4e7fe39c37f705.jpg, 0, 1
melanoma_199_jpg.rf.35d241eacfb27c61bfb466588052e2fe.jpg, 1, 0
melanoma_5292_jpg.rf.35cd273f88363c27a77bd18bee8be9dc.jpg, 0, 1
melanoma_558_jpg.rf.34a1c65a35add501fa54ddcac3070a54.jpg, 1, 0
melanoma_860_jpg.rf.3719976fbaddd2abe403d2c97c0f46ba.jpg, 1, 0
melanoma_241_jpg.rf.3604f27de945982b4f66d7ac1b01556c.jpg, 1, 0
melanoma_801_jpg.rf.3723e410a235d409fa52cafe0815c724.jpg, 1, 0
melanoma_5146_jpg.rf.378b321d91441c2443931dcf749ead04.jpg, 0, 1
melanoma_367_jpg.rf.373e1d0eecf6d3c3093b931283fb4712.jpg, 1, 0
melanoma_125_jpg.rf.38331de5be52b72b8753d5c4d2e04864.jpg, 1, 0
melanoma_972_jpg.rf.375db9cc3a99333aca45559d30a5091b.jpg, 1, 0
melanoma_5852_jpg.rf.36dd1da540f20e5034757990ff11e5ae.jpg, 0, 1
melanoma_179_jpg.rf.384c44e77eff14c7037765cea580889b.jpg, 1, 0
melanoma_5883_jpg.rf.3810b6ac65421e1e5c22eb764bfb0e51.jpg, 0, 1
melanoma_5889_jpg.rf.3846398993f46be41f179258764ec5f8.jpg, 0, 1
melanoma_881_jpg.rf.386af86b1314a3e97b725019475f6085.jpg, 1, 0
melanoma_575_jpg.rf.39a079677e539f74629404c6ff5aab64.jpg, 1, 0
melanoma_5348_jpg.rf.399f0ae97638d446fb6a80a6961aef45.jpg, 0, 1
melanoma_700_jpg.rf.39a501c5993bc81f8ff78fa705de9282.jpg, 1, 0
melanoma_6022_jpg.rf.3a51aacc830b4cb8601c5f06a4f5f726.jpg, 0, 1
melanoma_5588_jpg.rf.3a64db074f4e0d0e91978925722300e3.jpg, 0, 1
melanoma_5972_jpg.rf.398addf3b2154348defbec66e7409749.jpg, 0, 1
melanoma_5843_jpg.rf.3b57567c50233e1c3eecdd1ef30bafce.jpg, 0, 1
melanoma_602_jpg.rf.38c686d588bddb882e24ceb7b50ea7c3.jpg, 1, 0
melanoma_590_jpg.rf.3b806001cffda448e7b28c5f4efac62d.jpg, 1, 0
melanoma_5616_jpg.rf.39db2e277c820642743704f0444e844f.jpg, 0, 1
melanoma_921_jpg.rf.3a292463cd266b1d4ea7d3576de0d330.jpg, 1, 0
melanoma_420_jpg.rf.3926de184d66c113b570ce588aa011be.jpg, 1, 0
melanoma_5237_jpg.rf.3bc6639164bca93d617f6ca5fe06c7e3.jpg, 0, 1
melanoma_720_jpg.rf.3c243669950f584670aa3a9b20399d03.jpg, 1, 0
melanoma_750_jpg.rf.3bcefe469faca0b199b9bb99b036ccd5.jpg, 1, 0
melanoma_370_jpg.rf.3c4dc78e7fd67df511b2ca97f75b20fa.jpg, 1, 0
melanoma_132_jpg.rf.3ab25dfc941a045c8de43cdab575afe7.jpg, 1, 0
melanoma_242_jpg.rf.3b8766ea946fdd9b0253aa221ff78df9.jpg, 1, 0
melanoma_779_jpg.rf.3bfa699df3f8b40759dd624d33749321.jpg, 1, 0